00.1	00	-00.1501	-00.4365	-1.1025	0	01	+00.2929	+00.0064	-0.7591	0	02	-00.2543	+00.1077	+1.0239	0	03	+00.1553	+00.3239	-2.7757	0	04	-00.2685	-00.3474	+2.6883	0	05	-00.0850	-00.2547	-0.0809	0	06	-00.0551	+00.4013	+2.5871	0	07	+00.1163	-00.0824	+1.1137	0	08	+00.2609	+00.2638	-1.5363	0	09	-00.0720	+00.2903	-2.4351	0	10	-00.3659	-00.2302	-0.1122	0	11	+00.3155	+00.1392	+0.4411	0	12	+00.2522	-00.1495	-1.0661	0	13	-00.2583	-00.3016	-1.8109	0	14	+00.1698	-00.1605	+1.2916	0	15	+00.3915	+00.1982	+2.8268	0	16	+00.2055	+00.3179	+2.9222	0	17	-00.0980	+00.1080	-0.0111	0	18	+00.2609	+00.0752	+2.2193	0	19	-00.3344	-00.0292	+1.8097	0	20	+00.0661	-00.4338	-0.6608	0	21	+00.3204	+00.0873	-1.1068	0	22	-00.0616	-00.3691	+0.9283	0	23	-00.1501	-00.1552	-1.9517	0
0002	00	-00.1347	-00.4428	+0.3819	0	01	+00.2965	-00.0108	-1.6230	0	02	-00.2515	+00.1256	+1.3460	0	03	+00.1374	+00.3202	+3.1227	0	04	-00.2853	-00.3442	+2.5313	0	05	-00.0666	-00.2548	-0.0023	0	06	-00.0683	+00.4137	+2.2729	0	07	+00.1291	-00.0694	+0.7210	0	08	+00.2614	+00.2457	-1.9997	0	09	-00.0871	+00.2821	+3.1412	0	10	-00.3475	-00.2296	+0.0449	0	11	+00.3316	+00.1483	+0.5196	0	12	+00.2574	-00.1671	-1.3018	0	13	-00.2624	-00.3121	-1.8894	0	14	+00.1694	-00.1423	+1.6136	0	15	+00.3733	+00.2012	+2.9839	0	16	+00.1879	+00.3233	+2.8436	0	17	-00.0798	+00.1105	+0.1460	0	18	+00.2447	+00.0786	-2.5795	0	19	-00.3479	-00.0189	+2.9093	0	20	+00.0815	-00.4440	-0.5823	0	21	+00.3274	+00.0702	-1.1854	0	22	-00.0507	-00.3542	+0.9990	0	23	-00.1621	-00.1690	-2.3444	0
0004	00	-00.1242	-00.4271	+1.1752	0	01	+00.2955	-00.0307	-1.6230	0	02	-00.2441	+00.1442	+1.1810	0	03	+00.1184	+00.3260	+2.8007	0	04	-00.3020	-00.3332	+2.5313	0	05	-00.0466	-00.2548	-0.0023	0	06	-00.0833	+00.4259	+2.8227	0	07	+00.1441	-00.0562	+0.7210	0	08	+00.2456	+00.2347	-2.7144	0	09	-00.1071	+00.2821	+3.1412	0	10	-00.3276	-00.2280	+0.1234	0	11	+00.3489	+00.1582	+0.5196	0	12	+00.2628	-00.1863	-1.1525	0	13	-00.2661	-00.3311	-1.7323	0	14	+00.1728	-00.1227	+1.3701	0	15	+00.3536	+00.2044	+2.9839	0	16	+00.1683	+00.3269	+3.0007	0	17	-00.0600	+00.1134	+0.1460	0	18	+00.2380	+00.0612	-1.6292	0	19	-00.3674	-00.0143	+2.9093	0	20	+00.1002	-00.4489	-0.0325	0	21	+00.3349	+00.0516	-1.1854	0	22	-00.0434	-00.3357	+1.3210	0	23	-00.1752	-00.1840	-2.2658	0
0006	00	-00.1161	-00.4088	+1.0966	0	01	+00.2947	-00.0507	-1.5445	0	02	-00.2362	+00.1625	+1.1025	0	03	+00.0995	+00.3327	+2.8007	0	04	-00.3184	-00.3217	+2.5313	0	05	-00.0275	-00.2602	-0.3165	0	06	-00.1023	+00.4322	+2.8227	0	07	+00.1581	-00.0419	+0.7996	0	08	+00.2274	+00.2265	-2.7930	0	09	-00.1271	+00.2832	+3.0627	0	10	-00.3077	-00.2260	+0.0449	0	11	+00.3663	+00.1682	+0.5196	0	12	+00.2710	-00.2045	-1.1447	0	13	-00.2693	-00.3509	-1.7323	0	14	+00.1778	-00.1036	+0.9067	0	15	+00.3338	+00.2075	+2.9839	0	16	+00.1485	+00.3270	-3.0469	0	17	-00.0402	+00.1163	+0.1460	0	18	+00.2368	+00.0412	-1.6292	0	19	-00.3865	-00.0087	+2.8308	0	20	+00.1169	-00.4399	+0.7529	0	21	+00.3425	+00.0331	-1.1854	0	22	-00.0384	-00.3164	+1.3210	0	23	-00.1880	-00.1993	-2.2658	0
0008	00	-00.1070	-00.3910	+1.0966	0	01	+00.2973	-00.0705	-1.3874	0	02	-00.2272	+00.1803	+1.1025	0	03	+00.0806	+00.3369	-3.0898	0	04	-00.3335	-00.3088	+2.3742	0	05	-00.0080	-00.2645	-0.1594	0	06	-00.1216	+00.4373	+2.9012	0	07	+00.1720	-00.0276	+0.8702	0	08	+00.2086	+00.2196	-2.7930	0	09	-00.1458	+00.2897	+2.6779	0	10	-00.2877	-00.2251	-0.0258	0	11	+00.3834	+00.1785	+0.5981	0	12	+00.2793	-00.2228	-1.1447	0	13	-00.2725	-00.3706	-1.7323	0	14	+00.1932	-00.0910	+0.6633	0	15	+00.3141	+00.2107	+2.9839	0	16	+00.1286	+00.3251	-3.0469	0	17	-00.0209	+00.1211	+0.3031	0	18	+00.2357	+00.0213	-1.6292	0	19	-00.4056	-00.0026	+2.8308	0	20	+00.1314	-00.4262	+0.8236	0	21	+00.3500	+00.0146	-1.1854	0	22	-00.0324	-00.2973	+1.2425	0	23	-00.2006	-00.2144	-2.5800	0
0010	00	-00.0979	-00.3732	+1.0966	0	01	+00.3009	-00.0901	-1.3874	0	02	-00.2147	+00.1958	+0.8669	0	03	+00.0606	+00.3373	+3.1148	0	04	-00.3489	-00.2960	+2.4527	0	05	+00.0117	-00.2677	-0.1594	0	06	-00.1411	+00.4405	-2.8400	0	07	+00.1814	-00.0101	+1.1137	0	08	+00.1906	+00.2113	-2.6359	0	09	-00.1521	+00.3062	+1.1071	0	10	-00.2686	-00.2273	-0.1122	0	11	+00.4011	+00.1874	+0.2918	0	12	+00.2876	-00.2410	-1.1447	0	13	-00.2630	-00.3855	-0.1694	0	14	+00.2089	-00.0786	+0.6633	0	15	+00.2943	+00.2138	+2.9839	0	16	+00.1087	+00.3232	-3.0469	0	17	-00.0023	+00.1285	+0.3816	0	18	+00.2351	+00.0013	-1.5507	0	19	-00.4246	+00.0035	+2.8308	0	20	+00.1449	-00.4115	+0.8314	0	21	+00.3575	-00.0040	-1.1854	0	22	-00.0259	-00.2784	+1.2425	0	23	-00.2182	-00.2224	-2.7371	0
0012	00	-00.0887	-00.3554	+1.0966	0	01	+00.3046	-00.1098	-1.3874	0	02	-00.2019	+00.2112	+1.0946	0	03	+00.0406	+00.3378	+3.1148	0	04	-00.3631	-00.2824	+1.9108	0	05	+00.0305	-00.2734	-0.5521	0	06	-00.1515	+00.4253	-1.8112	0	07	+00.1864	+00.0085	+1.7420	0	08	+00.1731	+00.2016	-2.6359	0	09	-00.1355	+00.3130	-0.1574	0	10	-00.2678	-00.2284	-0.1122	0	11	+00.4206	+00.1916	+0.0562	0	12	+00.2943	-00.2597	-1.3018	0	13	-00.2454	-00.3780	+0.6239	0	14	+00.2254	-00.0673	+0.5847	0	15	+00.2746	+00.2169	+2.9839	0	16	+00.0887	+00.3228	-3.1254	0	17	+00.0163	+00.1359	+0.3816	0	18	+00.2309	-00.0172	-2.4853	0	19	-00.4437	+00.0097	+2.8308	0	20	+00.1568	-00.3955	+1.0670	0	21	+00.3650	-00.0225	-1.1854	0	22	-00.0195	-00.2595	+1.2425	0	23	-00.2169	-00.2298	+2.9178	0
0014	00	-00.0920	-00.3379	+2.5810	0	01	+00.3082	-00.1294	-1.3874	0	02	-00.1942	+00.2296	+1.1810	0	03	+00.0206	+00.3383	+3.1148	0	04	-00.3655	-00.2627	+1.6673	0	05	+00.0473	-00.2842	-0.6306	0	06	-00.1551	+00.4056	-1.7326	0	07	+00.1830	+00.0283	+1.7420	0	08	+00.1544	+00.1950	-2.8715	0	09	-00.1156	+00.3119	-0.0003	0	10	-00.2650	-00.2280	-0.3478	0	11	+00.4344	+00.1804	-1.5146	0	12	+00.2996	-00.2790	-1.3018	0	13	-00.2313	-00.3641	+0.8595	0	14	+00.2421	-00.0563	+0.5847	0	15	+00.2548	+00.2201	+2.9839	0	16	+00.0687	+00.3225	-3.1254	0	17	+00.0348	+00.1434	+0.3816	0	18	+00.2127	-00.0162	+2.6119	0	19	-00.4626	+00.0159	+2.6030	0	20	+00.1648	-00.3773	+1.2241	0	21	+00.3725	-00.0410	-1.1854	0	22	-00.0126	-00.2408	+1.0854	0	23	-00.2147	-00.2300	+2.9178	0
0016	00	-00.1106	-00.3394	-2.7518	0	01	+00.3119	-00.1491	-1.3874	0	02	-00.1866	+00.2481	+1.1810	0	03	+00.0006	+00.3389	+3.1148	0	04	-00.3701	-00.2434	+1.9736	0	05	+00.0646	-00.2938	-0.3950	0	06	-00.1583	+00.3859	-1.7326	0	07	+00.1790	+00.0478	+1.8206	0	08	+00.1349	+00.1912	-3.1071	0	09	-00.0956	+00.3119	-0.0003	0	10	-00.2632	-00.2299	-0.3478	0	11	+00.4232	+00.1666	-2.9362	0	12	+00.3034	-00.2985	-1.3096	0	13	-00.2181	-00.3492	+0.7810	0	14	+00.2587	-00.0453	+0.5847	0	15	+00.2351	+00.2233	+2.8347	0	16	+00.0509	+00.3288	+2.3724	0	17	+00.0534	+00.1508	+0.3816	0	18	+00.1955	-00.0061	+2.6119	0	19	-00.4677	+00.0329	+1.0322	0	20	+00.1716	-00.3585	+1.2241	0	21	+00.3801	-00.0596	-1.1854	0	22	-00.0033	-00.2231	+1.0854	0	23	-00.2128	-00.2318	+2.9178	0
0018	00	-00.1291	-00.3470	-2.7518	0	01	+00.3155	-00.1688	-1.3874	0	02	-00.1789	+00.2665	+1.0239	0	03	-00.0194	+00.3394	+3.1148	0	04	-00.3862	-00.2360	-2.7388	0	05	+00.0826	-00.3024	-0.6306	0	06	-00.1615	+00.3661	-1.7326	0	07	+00.1722	+00.0666	+1.9776	0	08	+00.1151	+00.1934	+3.0190	0	09	-00.0757	+00.3121	+0.2274	0	10	-00.2598	-00.2324	-0.7327	0	11	+00.4036	+00.1625	-2.9362	0	12	+00.3080	-00.3175	-1.8437	0	13	-00.2039	-00.3351	+0.7810	0	14	+00.2754	-00.0342	+0.5847	0	15	+00.2179	+00.2332	+2.5912	0	16	+00.0366	+00.3427	+2.3724	0	17	+00.0720	+00.1583	+0.3816	0	18	+00.1815	+00.0079	+2.2978	0	19	-00.4507	+00.0382	-0.3108	0	20	+00.1771	-00.3393	+1.3027	0	21	+00.3876	-00.0781	-1.1854	0	22	+00.0061	-00.2054	+1.0854	0	23	-00.2125	-00.2325	+2.8393	0
0020	00	-00.1488	-00.3488	+3.0601	0	01	+00.3165	-00.1884	-1.7801	0	02	-00.1681	+00.2833	+0.9454	0	03	-00.0301	+00.3434	-3.0898	0	04	-00.3983	-00.2503	-1.5607	0	05	+00.0987	-00.3142	-0.6306	0	06	-00.1648	+00.3464	-1.7326	0	07	+00.1631	+00.0843	+2.0562	0	08	+00.0978	+00.1977	+3.0975	0	09	-00.0659	+00.3125	+0.3138	0	10	-00.2499	-00.2480	-0.8976	0	11	+00.3840	+00.1585	-2.9362	0	12	+00.2987	-00.3350	-2.0872	0	13	-00.1895	-00.3214	+0.4747	0	14	+00.2921	-00.0232	+0.5847	0	15	+00.2005	+00.2427	+2.4341	0	16	+00.0222	+00.3566	+2.3724	0	17	+00.0878	+00.1625	+0.3816	0	18	+00.1656	+00.0196	+2.6119	0	19	-00.4316	+00.0320	-0.3108	0	20	+00.1824	-00.3200	+1.3027	0	21	+00.3951	-00.0966	-1.1854	0	22	+00.0154	-00.1877	+1.0854	0	23	-00.2274	-00.2237	+2.6822	0
0022	00	-00.1687	-00.3472	+3.0601	0	01	+00.3123	-00.2079	-1.7801	0	02	-00.1560	+00.2910	+0.9454	0	03	-00.0445	+00.3507	-3.0898	0	04	-00.3863	-00.2633	+0.0101	0	05	+00.1127	-00.3282	-0.8662	0	06	-00.1677	+00.3353	-1.6541	0	07	+00.1538	+00.1020	+2.0562	0	08	+00.0779	+00.1985	+3.0975	0	09	-00.0544	+00.3101	+0.9421	0	10	-00.2381	-00.2641	-0.9762	0	11	+00.3654	+00.1638	+2.7187	0	12	+00.2888	-00.3524	-2.0872	0	13	-00.1716	-00.3124	+0.4668	0	14	+00.3088	-00.0121	+0.5847	0	15	+00.1853	+00.2557	+2.4341	0	16	+00.0078	+00.3706	+2.3724	0	17	+00.1067	+00.1689	+0.2245	0	18	+00.1484	+00.0298	+2.6119	0	19	-00.4126	+00.0259	-0.3108	0	20	+00.1877	-00.3007	+1.3027	0	21	+00.4026	-00.1152	-1.1854	0	22	+00.0247	-00.1700	+1.0854	0	23	-00.2453	-00.2149	+2.6822	0
0024	00	-00.1856	-00.3538	-1.9743	0	01	+00.3112	-00.2277	-1.5445	0	02	-00.1409	+00.3000	+0.3956	0	03	-00.0644	+00.3498	-3.0898	0	04	-00.3693	-00.2539	+0.6463	0	05	+00.1257	-00.3434	-0.8662	0	06	-00.1705	+00.3201	-1.8033	0	07	+00.1445	+00.1197	+2.0562	0	08	+00.0579	+00.1994	+3.0975	0	09	-00.0432	+00.3238	+0.9421	0	10	-00.2231	-00.2752	+0.1155	0	11	+00.3481	+00.1732	+2.1768	0	12	+00.2774	-00.3684	-2.7076	0	13	-00.1537	-00.3034	+0.4668	0	14	+00.3254	-00.0011	+0.5847	0	15	+00.1701	+00.2687	+2.4341	0	16	-00.0065	+00.3845	+2.3724	0	17	+00.1262	+00.1733	+0.2245	0	18	+00.1314	+00.0403	+2.5334	0	19	-00.3930	+00.0222	-0.1537	0	20	+00.1874	-00.2818	+2.0881	0	21	+00.4101	-00.1337	-1.1854	0	22	+00.0341	-00.1523	+1.0854	0	23	-00.2633	-00.2060	+2.6822	0
0026	00	-00.1798	-00.3705	-0.4035	0	01	+00.3117	-00.2477	-1.5445	0	02	-00.1224	+00.3077	+0.3956	0	03	-00.0844	+00.3488	-3.0898	0	04	-00.3529	-00.2426	+0.4892	0	05	+00.1386	-00.3587	-0.8662	0	06	-00.1745	+00.3006	-2.0389	0	07	+00.1349	+00.1372	+2.1347	0	08	+00.0379	+00.2003	+3.0975	0	09	-00.0304	+00.3391	+0.8636	0	10	-00.2048	-00.2675	+0.4376	0	11	+00.3492	+00.1917	+1.1479	0	12	+00.2591	-00.3646	+2.6252	0	13	-00.1359	-00.2944	+0.4668	0	14	+00.3421	+00.0099	+0.5847	0	15	+00.1549	+00.2817	+2.4341	0	16	-00.0214	+00.3976	+2.6080	0	17	+00.1457	+00.1778	+0.2245	0	18	+00.1150	+00.0517	+2.5334	0	19	-00.3732	+00.0199	-0.0752	0	20	+00.1874	-00.2638	+0.7607	0	21	+00.4152	-00.1530	-1.3425	0	22	+00.0434	-00.1346	+1.0854	0	23	-00.2812	-00.1971	+2.6822	0
0028	00	-00.1614	-00.3782	-0.3956	0	01	+00.3122	-00.2677	-1.5445	0	02	-00.1057	+00.3145	+0.4742	0	03	-00.1032	+00.3498	-3.0113	0	04	-00.3352	-00.2332	+0.4892	0	05	+00.1516	-00.3739	-0.8662	0	06	-00.1850	+00.2835	-2.1253	0	07	+00.1242	+00.1541	+2.1347	0	08	+00.0179	+00.1998	-3.1071	0	09	-00.0174	+00.3543	+0.8636	0	10	-00.1871	-00.2583	+0.5161	0	11	+00.3573	+00.2100	+1.2265	0	12	+00.2417	-00.3547	+2.6252	0	13	-00.1220	-00.2806	+0.9380	0	14	+00.3588	+00.0210	+0.5847	0	15	+00.1397	+00.2947	+2.4341	0	16	-00.0390	+00.4071	+2.6865	0	17	+00.1654	+00.1787	-0.0896	0	18	+00.0982	+00.0621	+2.9968	0	19	-00.3532	+00.0192	+0.0033	0	20	+00.2038	-00.2526	+0.3680	0	21	+00.4197	-00.1724	-1.3425	0	22	+00.0527	-00.1169	+1.0854	0	23	-00.2991	-00.1883	+2.6822	0
0030	00	-00.1429	-00.3859	-0.3956	0	01	+00.3128	-00.2877	-1.5445	0	02	-00.0879	+00.3237	+0.4742	0	03	-00.1231	+00.3473	-3.0113	0	04	-00.3200	-00.2209	+0.8819	0	05	+00.1642	-00.3893	-0.8662	0	06	-00.1947	+00.2661	-2.0468	0	07	+00.1135	+00.1710	+2.1347	0	08	-00.0006	+00.1940	-2.6359	0	09	-00.0044	+00.3695	+0.9421	0	10	-00.1729	-00.2445	+0.8303	0	11	+00.3647	+00.2285	+1.1479	0	12	+00.2243	-00.3448	+2.6252	0	13	-00.1102	-00.2645	+0.9380	0	14	+00.3682	+00.0367	+1.6057	0	15	+00.1245	+00.3077	+2.4341	0	16	-00.0569	+00.4159	+2.6865	0	17	+00.1849	+00.1756	-0.5530	0	18	+00.0799	+00.0555	-2.6502	0	19	-00.3342	+00.0148	-0.3187	0	20	+00.2232	-00.2480	+0.2031	0	21	+00.4233	-00.1916	-1.8844	0	22	+00.0641	-00.1008	+0.7712	0	23	-00.3170	-00.1794	+2.6822	0
0032	00	-00.1245	-00.3936	-0.2464	0	01	+00.3133	-00.3077	-1.5445	0	02	-00.0701	+00.3328	+0.4742	0	03	-00.1426	+00.3432	-2.9327	0	04	-00.3073	-00.2054	+0.8819	0	05	+00.1753	-00.4051	-1.5653	0	06	-00.2039	+00.2484	-2.1960	0	07	+00.1028	+00.1879	+2.1347	0	08	-00.0181	+00.1844	-2.7144	0	09	+00.0073	+00.3857	+0.9421	0	10	-00.1594	-00.2297	+0.8303	0	11	+00.3730	+00.2467	+1.1479	0	12	+00.2070	-00.3349	+2.6252	0	13	-00.0979	-00.2488	+0.8595	0	14	+00.3675	+00.0567	+1.6057	0	15	+00.1093	+00.3207	+2.4341	0	16	-00.0749	+00.4247	+2.6865	0	17	+00.2018	+00.1649	-0.5609	0	18	+00.0647	+00.0438	-1.8727	0	19	-00.3147	+00.0104	-0.1537	0	20	+00.2428	-00.2439	+0.2031	0	21	+00.4079	-00.2004	+2.8280	0	22	+00.0796	-00.0883	+0.6142	0	23	-00.3350	-00.1705	+2.6822	0
0034	00	-00.1049	-00.3957	-0.4663	0	01	+00.3138	-00.3277	-1.5445	0	02	-00.0523	+00.3419	+0.4742	0	03	-00.1621	+00.3391	-2.9327	0	04	-00.2944	-00.1901	+0.8034	0	05	+00.1635	-00.4183	-3.1360	0	06	-00.2163	+00.2327	-2.2824	0	07	+00.0911	+00.2037	+2.6767	0	08	-00.0363	+00.1761	-2.7144	0	09	+00.0191	+00.4019	+0.9421	0	10	-00.1460	-00.2149	+0.8303	0	11	+00.3807	+00.2650	+1.4542	0	12	+00.1896	-00.3251	+2.6252	0	13	-00.0849	-00.2336	+0.8595	0	14	+00.3668	+00.0767	+1.6057	0	15	+00.0941	+00.3337	+2.4341	0	16	-00.0929	+00.4335	+2.6865	0	17	+00.2188	+00.1543	-0.5609	0	18	+00.0713	+00.0265	-0.9145	0	19	-00.2950	+00.0073	-0.1537	0	20	+00.2614	-00.2380	+0.7529	0	21	+00.3908	-00.1906	+2.5060	0	22	+00.0961	-00.0771	+0.5356	0	23	-00.3529	-00.1617	+2.6822	0
0036	00	-00.0986	-00.4122	-2.0371	0	01	+00.3105	-00.3465	-2.4006	0	02	-00.0345	+00.3511	+0.4742	0	03	-00.1817	+00.3349	-2.9327	0	04	-00.2806	-00.1757	+0.8034	0	05	+00.1443	-00.4132	+2.8251	0	06	-00.2288	+00.2172	-2.2039	0	07	+00.0734	+00.2131	+2.6060	0	08	-00.0538	+00.1667	-2.5574	0	09	+00.0309	+00.4181	+0.9421	0	10	-00.1320	-00.2007	+0.7517	0	11	+00.3704	+00.2794	+3.0250	0	12	+00.1722	-00.3152	+2.6252	0	13	-00.0718	-00.2185	+0.8595	0	14	+00.3671	+00.0967	+1.5272	0	15	+00.0878	+00.3507	+1.3346	0	16	-00.1108	+00.4423	+2.6865	0	17	+00.2353	+00.1430	-0.6394	0	18	+00.0813	+00.0093	-1.0009	0	19	-00.2752	+00.0042	-0.1537	0	20	+00.2760	-00.2244	+0.7529	0	21	+00.3738	-00.1800	+2.5845	0	22	+00.1133	-00.0669	+0.5356	0	23	-00.3708	-00.1528	+2.6822	0
0038	00	-00.1145	-00.4230	-2.9796	0	01	+00.2928	-00.3466	+2.3825	0	02	-00.0167	+00.3602	+0.4742	0	03	-00.2001	+00.3280	-2.9249	0	04	-00.2667	-00.1614	+0.8034	0	05	+00.1253	-00.4070	+2.8251	0	06	-00.2406	+00.2011	-2.2039	0	07	+00.0569	+00.2242	+2.6060	0	08	-00.0705	+00.1557	-2.5574	0	09	+00.0426	+00.4342	+0.9421	0	10	-00.1193	-00.1853	+0.8303	0	11	+00.3515	+00.2740	-2.7791	0	12	+00.1566	-00.3031	+2.3111	0	13	-00.0588	-00.2033	+1.0087	0	14	+00.3679	+00.1166	+1.6764	0	15	+00.0925	+00.3702	+1.3346	0	16	-00.1293	+00.4453	-2.5835	0	17	+00.2513	+00.1311	-0.6394	0	18	+00.0947	-00.0052	-0.6867	0	19	-00.2554	+00.0012	-0.1537	0	20	+00.2906	-00.2107	+0.7529	0	21	+00.3569	-00.1694	+2.5845	0	22	+00.1309	-00.0574	+0.4571	0	23	-00.3887	-00.1439	+2.6822	0
0040	00	-00.1345	-00.4232	+3.1387	0	01	+00.2754	-00.3378	+2.8538	0	02	+00.0011	+00.3693	+0.4742	0	03	-00.2155	+00.3368	+1.7875	0	04	-00.2528	-00.1470	+0.8034	0	05	+00.1063	-00.4008	+2.8251	0	06	-00.2525	+00.1849	-2.2039	0	07	+00.0397	+00.2344	+2.6060	0	08	-00.0872	+00.1447	-2.5574	0	09	+00.0544	+00.4504	+0.9421	0	10	-00.1071	-00.1697	+1.1444	0	11	+00.3375	+00.2615	-1.9937	0	12	+00.1422	-00.2892	+2.3896	0	13	-00.0496	-00.1856	+1.0951	0	14	+00.3604	+00.1350	+1.9984	0	15	+00.0952	+00.3899	+1.4917	0	16	-00.1343	+00.4282	-1.2405	0	17	+00.2673	+00.1192	-0.6394	0	18	+00.1102	-00.0179	-0.6867	0	19	-00.2357	-00.0019	-0.1537	0	20	+00.3052	-00.1970	+0.7529	0	21	+00.3399	-00.1588	+2.5845	0	22	+00.1488	-00.0485	+0.4571	0	23	-00.4067	-00.1351	+2.6822	0
0042	00	-00.1544	-00.4224	+2.9816	0	01	+00.2557	-00.3355	+3.0894	0	02	+00.0184	+00.3785	+0.3171	0	03	-00.2094	+00.3551	+1.0728	0	04	-00.2411	-00.1308	+0.9605	0	05	+00.0873	-00.3944	+2.7466	0	06	-00.2643	+00.1688	-2.2039	0	07	+00.0241	+00.2469	+2.4489	0	08	-00.1039	+00.1336	-2.5574	0	09	+00.0689	+00.4626	+0.0075	0	10	-00.0991	-00.1515	+1.3722	0	11	+00.3293	+00.2433	-1.9230	0	12	+00.1276	-00.2756	+2.3896	0	13	-00.0405	-00.1678	+1.2443	0	14	+00.3517	+00.1529	+2.1555	0	15	+00.0954	+00.4099	+1.5702	0	16	-00.1278	+00.4093	-1.3111	0	17	+00.2834	+00.1072	-0.6394	0	18	+00.1257	-00.0305	-0.6082	0	19	-00.2162	-00.0061	-0.2323	0	20	+00.3198	-00.1833	+0.7529	0	21	+00.3229	-00.1482	+2.5845	0	22	+00.1658	-00.0384	+0.6927	0	23	-00.4246	-00.1262	+2.6822	0
0044	00	-00.1741	-00.4193	+2.9816	0	01	+00.2365	-00.3381	-2.6440	0	02	+00.0375	+00.3845	+0.2385	0	03	-00.1999	+00.3727	+1.0728	0	04	-00.2309	-00.1136	+1.0390	0	05	+00.0689	-00.3867	+2.7466	0	06	-00.2761	+00.1527	-2.1332	0	07	+00.0087	+00.2596	+2.5196	0	08	-00.1206	+00.1226	-2.5574	0	09	+00.0798	+00.4656	-1.4141	0	10	-00.1054	-00.1333	+2.0869	0	11	+00.3239	+00.2241	-1.8366	0	12	+00.1130	-00.2619	+2.3896	0	13	-00.0476	-00.1516	+2.8151	0	14	+00.3399	+00.1688	+2.5482	0	15	+00.0964	+00.4172	+1.9629	0	16	-00.1228	+00.3899	-1.3190	0	17	+00.2994	+00.0953	-0.6394	0	18	+00.1421	-00.0419	-0.6082	0	19	-00.1967	-00.0105	-0.0045	0	20	+00.3344	-00.1697	+0.7529	0	21	+00.3054	-00.1386	+2.6631	0	22	+00.1812	-00.0256	+0.6927	0	23	-00.4425	-00.1173	+2.6822	0
0046	00	-00.1921	-00.4114	+2.5104	0	01	+00.2189	-00.3477	-2.6440	0	02	+00.0569	+00.3892	+0.2385	0	03	-00.1903	+00.3903	+1.0728	0	04	-00.2256	-00.0951	+1.8951	0	05	+00.0531	-00.3747	+2.4324	0	06	-00.2867	+00.1357	-2.1253	0	07	-00.0105	+00.2631	+3.0772	0	08	-00.1373	+00.1116	-2.5574	0	09	+00.0777	+00.4673	-1.7204	0	10	-00.1153	-00.1159	+2.0869	0	11	+00.3147	+00.2154	-1.8366	0	12	+00.0984	-00.2482	+2.3896	0	13	-00.0666	-00.1453	+2.8230	0	14	+00.3273	+00.1693	+2.5482	0	15	+00.0925	+00.4193	+1.9629	0	16	-00.1178	+00.3706	-1.3190	0	17	+00.3155	+00.0834	-0.6394	0	18	+00.1585	-00.0533	-0.6082	0	19	-00.1767	-00.0101	+0.0819	0	20	+00.3490	-00.1560	+0.7529	0	21	+00.2869	-00.1313	+2.8202	0	22	+00.1966	-00.0128	+0.6927	0	23	-00.4526	-00.1024	+1.3549	0
0048	00	-00.2093	-00.4013	+2.6674	0	01	+00.2032	-00.3591	-1.9450	0	02	+00.0763	+00.3939	+0.2385	0	03	-00.1806	+00.4077	+0.9157	0	04	-00.2334	-00.0768	+1.9815	0	05	+00.0423	-00.3588	+1.5763	0	06	-00.2972	+00.1187	-2.0546	0	07	-00.0305	+00.2644	+3.0772	0	08	-00.1523	+00.0985	-2.4003	0	09	+00.0719	+00.4689	-1.8068	0	10	-00.1120	-00.0980	+0.9088	0	11	+00.3038	+00.2114	-1.8366	0	12	+00.0838	-00.2346	+2.3896	0	13	-00.0844	-00.1364	+2.6659	0	14	+00.3163	+00.1653	+2.5482	0	15	+00.0866	+00.4212	+1.9629	0	16	-00.1112	+00.3518	-1.0834	0	17	+00.3315	+00.0714	-0.6394	0	18	+00.1749	-00.0648	-0.6082	0	19	-00.1568	-00.0085	+0.0819	0	20	+00.3622	-00.1410	+0.9100	0	21	+00.2681	-00.1246	+2.6631	0	22	+00.2120	-00.0001	+0.6927	0	23	-00.4383	-00.0906	+0.3260	0
0050	00	-00.2276	-00.3941	+2.9816	0	01	+00.1941	-00.3769	-2.0942	0	02	+00.0958	+00.3986	+0.2385	0	03	-00.1684	+00.4236	+0.9157	0	04	-00.2429	-00.0600	+2.6805	0	05	+00.0423	-00.3388	+1.5685	0	06	-00.3064	+00.1009	-2.0468	0	07	-00.0503	+00.2658	+2.8494	0	08	-00.1666	+00.0846	-2.3217	0	09	+00.0659	+00.4706	-1.8068	0	10	-00.0997	-00.0823	+0.8381	0	11	+00.2925	+00.2066	-1.8366	0	12	+00.0692	-00.2209	+2.2404	0	13	-00.1022	-00.1273	+2.6659	0	14	+00.3051	+00.1616	+2.7053	0	15	+00.0805	+00.4230	+1.8843	0	16	-00.1019	+00.3341	-1.1619	0	17	+00.3476	+00.0595	-0.6394	0	18	+00.1913	-00.0762	-0.6082	0	19	-00.1369	-00.0067	+0.1604	0	20	+00.3736	-00.1247	+1.0670	0	21	+00.2504	-00.1154	+2.6631	0	22	+00.2274	+00.0127	+0.6927	0	23	-00.4199	-00.0829	+0.4045	0
0052	00	-00.2470	-00.3902	+2.5182	0	01	+00.1841	-00.3942	-2.0942	0	02	+00.1152	+00.4034	+0.2385	0	03	-00.1540	+00.4361	+0.0596	0	04	-00.2608	-00.0512	+2.6883	0	05	+00.0424	-00.3188	+1.5685	0	06	-00.3155	+00.0832	-2.0468	0	07	-00.0672	+00.2749	+2.6060	0	08	-00.1815	+00.0714	-2.5574	0	09	+00.0600	+00.4719	-1.8853	0	10	-00.0862	-00.0675	+0.8303	0	11	+00.2804	+00.2015	-1.8366	0	12	+00.0594	-00.2036	+2.0755	0	13	-00.1203	-00.1188	+2.7445	0	14	+00.2928	+00.1570	+2.7838	0	15	+00.0750	+00.4252	+1.8058	0	16	-00.0950	+00.3163	-1.3190	0	17	+00.3636	+00.0476	-0.6394	0	18	+00.1991	-00.0824	-0.6082	0	19	-00.1174	-00.0025	+0.2390	0	20	+00.3832	-00.1072	+1.0670	0	21	+00.2413	-00.1114	+2.6631	0	22	+00.2430	+00.0252	+0.6927	0	23	-00.4022	-00.0737	+0.5616	0
0054	00	-00.2517	-00.3725	+1.4108	0	01	+00.1741	-00.4115	-2.0942	0	02	+00.1346	+00.4081	+0.2385	0	03	-00.1368	+00.4273	-0.6551	0	04	-00.2783	-00.0416	+2.5313	0	05	+00.0424	-00.2988	+1.5685	0	06	-00.3247	+00.0654	-2.0468	0	07	-00.0737	+00.2697	+2.4489	0	08	-00.1987	+00.0614	-2.7144	0	09	+00.0511	+00.4704	-1.8853	0	10	-00.0733	-00.0524	+0.9873	0	11	+00.2678	+00.1965	-1.8366	0	12	+00.0505	-00.1857	+1.9969	0	13	-00.1388	-00.1116	+2.9015	0	14	+00.2802	+00.1520	+2.7838	0	15	+00.0739	+00.4302	+1.7273	0	16	-00.1003	+00.3125	-1.3190	0	17	+00.3797	+00.0356	-0.6394	0	18	+00.1984	-00.0835	-0.6082	0	19	-00.0980	+00.0015	-0.1459	0	20	+00.3916	-00.0891	+1.3027	0	21	+00.2406	-00.1125	+2.6631	0	22	+00.2589	+00.0372	+0.6142	0	23	-00.3861	-00.0619	+0.6402	0
0056	00	-00.2485	-00.3528	+1.4108	0	01	+00.1641	-00.4288	-2.0942	0	02	+00.1537	+00.4142	+0.3171	0	03	-00.1211	+00.4150	-0.7336	0	04	-00.2954	-00.0314	+2.6098	0	05	+00.0425	-00.2788	+1.5685	0	06	-00.3345	+00.0481	-2.1253	0	07	-00.0795	+00.2653	+2.6060	0	08	-00.2170	+00.0531	-2.7144	0	09	+00.0365	+00.4592	-0.8721	0	10	-00.0617	-00.0386	+0.9952	0	11	+00.2559	+00.1919	-1.8366	0	12	+00.0422	-00.1675	+1.9969	0	13	-00.1583	-00.1068	+2.9015	0	14	+00.2672	+00.1466	+2.7053	0	15	+00.0775	+00.4440	+1.8058	0	16	-00.1061	+00.3072	-1.3975	0	17	+00.3957	+00.0237	-0.6394	0	18	+00.1974	-00.0847	-0.8438	0	19	-00.0799	+00.0010	-0.2323	0	20	+00.3969	-00.0699	+1.3027	0	21	+00.2381	-00.1154	+2.6631	0	22	+00.2771	+00.0453	+0.4571	0	23	-00.3694	-00.0514	+0.0982	0
0058	00	-00.2454	-00.3330	+1.4108	0	01	+00.1481	-00.4368	+2.7831	0	02	+00.1720	+00.4217	+0.0893	0	03	-00.1062	+00.4016	-0.7336	0	04	-00.3089	-00.0177	+1.9815	0	05	+00.0464	-00.2593	+1.3329	0	06	-00.3445	+00.0308	-2.0468	0	07	-00.0875	+00.2600	+2.6060	0	08	-00.2352	+00.0449	-2.7144	0	09	+00.0382	+00.4470	-0.2360	0	10	-00.0468	-00.0320	+0.9873	0	11	+00.2440	+00.1869	-1.8366	0	12	+00.0416	-00.1491	+1.0466	0	13	-00.1779	-00.1034	+2.9094	0	14	+00.2553	+00.1416	+2.7053	0	15	+00.0774	+00.4641	+2.5834	0	16	-00.1115	+00.3018	-1.7038	0	17	+00.4129	+00.0138	-0.4038	0	18	+00.1950	-00.0874	-0.9223	0	19	-00.0649	+00.0075	-0.2323	0	20	+00.4013	-00.0504	+1.3812	0	21	+00.2353	-00.1183	+2.6631	0	22	+00.2959	+00.0519	+0.3000	0	23	-00.3495	-00.0495	+0.0904	0
0060	00	-00.2446	-00.3134	+1.8820	0	01	+00.1307	-00.4271	+2.6181	0	02	+00.1914	+00.4195	-0.6175	0	03	-00.0922	+00.3874	-0.8122	0	04	-00.3164	+00.0007	+1.6752	0	05	+00.0511	-00.2398	+1.3329	0	06	-00.3524	+00.0125	-1.9682	0	07	-00.1033	+00.2625	+2.6060	0	08	-00.2534	+00.0366	-2.7144	0	09	+00.0553	+00.4401	-0.2360	0	10	-00.0318	-00.0254	+0.9873	0	11	+00.2337	+00.1827	-1.8366	0	12	+00.0515	-00.1317	+1.0544	0	13	-00.1969	-00.0977	+2.5167	0	14	+00.2427	+00.1359	+2.5482	0	15	+00.0680	+00.4787	-2.1290	0	16	-00.1254	+00.2939	-2.8113	0	17	+00.4324	+00.0102	-0.0111	0	18	+00.1920	-00.0908	-1.0009	0	19	-00.0499	+00.0142	-0.2323	0	20	+00.4051	-00.0308	+1.3812	0	21	+00.2320	-00.1217	+2.6631	0	22	+00.3152	+00.0509	-0.2498	0	23	-00.3296	-00.0477	+0.0904	0
0062	00	-00.2508	-00.2945	+2.0313	0	01	+00.1134	-00.4171	+2.6181	0	02	+00.1967	+00.4018	-1.6464	0	03	-00.0784	+00.3729	-0.8122	0	04	-00.3169	+00.0207	+1.5888	0	05	+00.0559	-00.2204	+1.3329	0	06	-00.3616	-00.0052	-2.1253	0	07	-00.1181	+00.2675	+2.6060	0	08	-00.2716	+00.0283	-2.7144	0	09	+00.0747	+00.4343	-0.3145	0	10	-00.0157	-00.0186	+1.0659	0	11	+00.2231	+00.1779	-1.8366	0	12	+00.0614	-00.1143	+1.0544	0	13	-00.2092	-00.0821	+2.1947	0	14	+00.2321	+00.1311	+2.5482	0	15	+00.0634	+00.4681	-1.3358	0	16	-00.1461	+00.2912	-2.8113	0	17	+00.4524	+00.0100	-0.0111	0	18	+00.1886	-00.0946	-1.0009	0	19	-00.0356	+00.0207	-0.2323	0	20	+00.4094	-00.0112	+1.3027	0	21	+00.2285	-00.1255	+2.6631	0	22	+00.3346	+00.0459	-0.2498	0	23	-00.3097	-00.0459	+0.0904	0
0064	00	-00.2593	-00.2764	+1.9606	0	01	+00.0961	-00.4071	+2.6181	0	02	+00.1952	+00.3818	-1.6464	0	03	-00.0647	+00.3583	-0.8122	0	04	-00.3164	+00.0406	+1.4317	0	05	+00.0606	-00.2010	+1.3329	0	06	-00.3712	-00.0227	-2.0468	0	07	-00.1336	+00.2759	+2.6060	0	08	-00.2898	+00.0200	-2.7144	0	09	+00.0940	+00.4293	-0.1574	0	10	-00.0042	-00.0150	+1.0659	0	11	+00.2147	+00.1654	-1.8366	0	12	+00.0705	-00.0966	+1.1330	0	13	-00.2236	-00.0686	+2.5088	0	14	+00.2169	+00.1284	-2.5647	0	15	+00.0639	+00.4493	-2.1919	0	16	-00.1658	+00.2855	-2.8113	0	17	+00.4707	+00.0052	-0.9457	0	18	+00.1836	-00.1004	-1.4721	0	19	-00.0218	+00.0290	-0.9391	0	20	+00.4146	+00.0080	+1.4519	0	21	+00.2208	-00.1307	+2.6631	0	22	+00.3540	+00.0410	-0.2498	0	23	-00.2898	-00.0441	+0.0904	0
0066	00	-00.2668	-00.2579	+1.8114	0	01	+00.0776	-00.4001	+2.9323	0	02	+00.1936	+00.3619	-1.7171	0	03	-00.0509	+00.3438	-0.8122	0	04	-00.3079	+00.0583	+1.0390	0	05	+00.0728	-00.1863	+0.6260	0	06	-00.3858	-00.0336	+2.9876	0	07	-00.1523	+00.2803	-3.1274	0	08	-00.3080	+00.0117	-2.7144	0	09	+00.1138	+00.4262	-0.1574	0	10	+00.0095	-00.0069	+0.5946	0	11	+00.2104	+00.1477	-1.8366	0	12	+00.0806	-00.0797	+0.6617	0	13	-00.2369	-00.0606	+2.2732	0	14	+00.2031	+00.1120	-2.7846	0	15	+00.0468	+00.4398	-2.7495	0	16	-00.1855	+00.2817	-2.9683	0	17	+00.4687	-00.0124	-2.5165	0	18	+00.1762	-00.1069	-1.5507	0	19	-00.0121	+00.0284	-0.9391	0	20	+00.4154	+00.0280	+1.5383	0	21	+00.2132	-00.1365	+2.6631	0	22	+00.3732	+00.0394	+0.4571	0	23	-00.2739	-00.0351	+0.5616	0
0068	00	-00.2700	-00.2382	+1.7250	0	01	+00.0583	-00.3953	+2.8538	0	02	+00.1908	+00.3422	-1.6464	0	03	-00.0372	+00.3293	-0.8122	0	04	-00.2977	+00.0756	+1.0390	0	05	+00.0871	-00.1726	+0.8616	0	06	-00.3974	-00.0198	+1.7231	0	07	-00.1718	+00.2761	-2.8918	0	08	-00.3262	+00.0034	-2.7144	0	09	+00.1333	+00.4264	+0.5416	0	10	+00.0271	+00.0027	+0.7439	0	11	+00.2064	+00.1311	-1.8366	0	12	+00.0964	-00.0674	+0.6617	0	13	-00.2376	-00.0511	+2.1161	0	14	+00.1811	+00.1080	+2.7838	0	15	+00.0284	+00.4320	-2.6710	0	16	-00.2052	+00.2782	-2.9683	0	17	+00.4495	-00.0150	+3.1305	0	18	+00.1676	-00.1147	-1.5507	0	19	-00.0044	+00.0189	-0.9391	0	20	+00.4237	+00.0434	+1.5383	0	21	+00.2060	-00.1416	+2.6631	0	22	+00.3835	+00.0531	+0.5356	0	23	-00.2661	-00.0192	+0.5616	0
0070	00	-00.2712	-00.2184	+1.4893	0	01	+00.0394	-00.3886	+2.7752	0	02	+00.1892	+00.3223	-1.6464	0	03	-00.0234	+00.3148	-0.8122	0	04	-00.2876	+00.0928	+1.0390	0	05	+00.1025	-00.1616	-0.0023	0	06	-00.3973	-00.0001	+1.3304	0	07	-00.1911	+00.2711	-2.8918	0	08	-00.3444	-00.0049	-2.7144	0	09	+00.1480	+00.4397	+0.4787	0	10	+00.0396	+00.0184	+0.9873	0	11	+00.2011	+00.1118	-1.8366	0	12	+00.1132	-00.0569	+0.6539	0	13	-00.2435	-00.0394	+1.4957	0	14	+00.1624	+00.1150	+2.7838	0	15	+00.0106	+00.4232	-2.4432	0	16	-00.2249	+00.2752	-3.0469	0	17	+00.4295	-00.0147	+3.1305	0	18	+00.1545	-00.1326	-0.3804	0	19	+00.0072	+00.0032	-0.7821	0	20	+00.4333	+00.0586	+1.6168	0	21	+00.2036	-00.1340	+2.6631	0	22	+00.3923	+00.0673	+0.5356	0	23	-00.2527	-00.0028	+0.6402	0
0072	00	-00.2673	-00.1989	+1.1752	0	01	+00.0208	-00.3814	+2.7752	0	02	+00.1877	+00.3023	-1.6464	0	03	-00.0096	+00.3003	-0.8122	0	04	-00.2774	+00.1100	+1.0390	0	05	+00.1225	-00.1617	-0.0023	0	06	-00.3926	+00.0193	+1.3304	0	07	-00.2105	+00.2662	-2.8918	0	08	-00.3626	-00.0131	-2.7144	0	09	+00.1651	+00.4351	-1.0920	0	10	+00.0506	+00.0351	+0.9873	0	11	+00.1959	+00.0925	-1.8366	0	12	+00.1250	-00.0409	+0.9759	0	13	-00.2311	-00.0280	-0.0751	0	14	+00.1444	+00.1236	+2.6268	0	15	-00.0076	+00.4166	-2.9851	0	16	-00.2448	+00.2733	-3.0469	0	17	+00.4119	-00.0208	-2.0610	0	18	+00.1496	-00.1424	+0.0987	0	19	+00.0214	-00.0109	-0.7821	0	20	+00.4424	+00.0732	+1.6168	0	21	+00.1905	-00.1226	+2.6631	0	22	+00.4014	+00.0819	+0.5356	0	23	-00.2367	+00.0091	+0.6402	0
0074	00	-00.2582	-00.1814	+0.8610	0	01	+00.0021	-00.3743	+2.7752	0	02	+00.1862	+00.2824	-1.6464	0	03	+00.0059	+00.2881	-0.4980	0	04	-00.2662	+00.1265	+0.8819	0	05	+00.1381	-00.1635	-0.0023	0	06	-00.3878	+00.0387	+1.3304	0	07	-00.2299	+00.2612	-2.8918	0	08	-00.3788	-00.0246	-2.4788	0	09	+00.1667	+00.4156	-1.5711	0	10	+00.0616	+00.0518	+0.9873	0	11	+00.1906	+00.0732	-1.8366	0	12	+00.1362	-00.0243	+0.9759	0	13	-00.2117	-00.0319	-0.0830	0	14	+00.1270	+00.1335	+2.6268	0	15	-00.0273	+00.4134	-2.9851	0	16	-00.2644	+00.2762	+2.9222	0	17	+00.4078	-00.0402	-1.7390	0	18	+00.1686	-00.1460	-0.3726	0	19	+00.0359	-00.0246	-0.7035	0	20	+00.4515	+00.0878	+1.6168	0	21	+00.1750	-00.1126	+2.6631	0	22	+00.4105	+00.0965	+0.5356	0	23	-00.2215	+00.0220	+0.7972	0
0076	00	-00.2452	-00.1662	+0.8610	0	01	-00.0155	-00.3655	+2.3825	0	02	+00.1854	+00.2625	-1.4893	0	03	+00.0234	+00.2785	-0.4980	0	04	-00.2533	+00.1416	+0.5756	0	05	+00.1567	-00.1651	-0.0023	0	06	-00.3831	+00.0581	+1.3304	0	07	-00.2495	+00.2588	+2.8494	0	08	-00.3952	-00.0359	-2.5574	0	09	+00.1667	+00.3956	-1.5711	0	10	+00.0727	+00.0684	+0.9167	0	11	+00.1853	+00.0539	-1.8366	0	12	+00.1474	-00.0078	+0.9759	0	13	-00.1918	-00.0321	+0.0741	0	14	+00.1096	+00.1433	+2.6268	0	15	-00.0471	+00.4103	-2.9851	0	16	-00.2839	+00.2805	+2.9222	0	17	+00.4049	-00.0599	-1.6604	0	18	+00.1887	-00.1516	-0.3726	0	19	+00.0500	-00.0387	-0.8606	0	20	+00.4637	+00.1157	+3.1012	0	21	+00.1572	-00.1033	+2.6631	0	22	+00.4155	+00.1004	+0.5356	0	23	-00.2078	+00.0365	+0.8758	0
0078	00	-00.2333	-00.1502	+0.9396	0	01	-00.0321	-00.3562	-2.9660	0	02	+00.1886	+00.2428	-1.3323	0	03	+00.0410	+00.2690	-0.4980	0	04	-00.2339	+00.1441	+0.0180	0	05	+00.1755	-00.1662	-0.0023	0	06	-00.3783	+00.0776	+1.3304	0	07	-00.2686	+00.2647	+2.8416	0	08	-00.4124	-00.0461	-2.6359	0	09	+00.1593	+00.3773	-2.0424	0	10	+00.0849	+00.0842	+0.9088	0	11	+00.1837	+00.0425	-1.8366	0	12	+00.1550	+00.0009	+0.9759	0	13	-00.1718	-00.0307	+0.0741	0	14	+00.0922	+00.1532	+2.6268	0	15	-00.0668	+00.4072	-2.9851	0	16	-00.3035	+00.2826	-2.8191	0	17	+00.4031	-00.0798	-1.6604	0	18	+00.2087	-00.1578	-0.3726	0	19	+00.0599	-00.0559	-1.0962	0	20	+00.4713	+00.1256	-2.9385	0	21	+00.1395	-00.0941	+2.6631	0	22	+00.4237	+00.1069	+0.5356	0	23	-00.1950	+00.0519	+0.8758	0
0080	00	-00.2215	-00.1340	+0.9396	0	01	-00.0439	-00.3701	-1.8586	0	02	+00.1866	+00.2234	-1.8035	0	03	+00.0586	+00.2594	-0.4980	0	04	-00.2145	+00.1411	-0.3747	0	05	+00.1946	-00.1667	-0.0023	0	06	-00.3720	+00.0964	+1.1733	0	07	-00.2877	+00.2706	+2.8416	0	08	-00.4298	-00.0560	-2.5574	0	09	+00.1502	+00.3595	-2.0424	0	10	+00.0972	+00.1000	+0.9088	0	11	+00.1867	+00.0411	-1.8366	0	12	+00.1580	-00.0005	+0.9759	0	13	-00.1519	-00.0292	+0.0741	0	14	+00.0748	+00.1629	+2.7053	0	15	-00.0866	+00.4041	-2.9851	0	16	-00.3224	+00.2762	-2.8113	0	17	+00.4013	-00.0998	-1.6604	0	18	+00.2282	-00.1645	-0.3726	0	19	+00.0691	-00.0737	-1.0962	0	20	+00.4696	+00.1300	-2.9385	0	21	+00.1217	-00.0849	+2.6631	0	22	+00.4227	+00.1104	+0.6927	0	23	-00.1822	+00.0673	+0.8758	0
0082	00	-00.2097	-00.1179	+0.9396	0	01	-00.0519	-00.3883	-2.0942	0	02	+00.1854	+00.2041	-1.0260	0	03	+00.0761	+00.2499	-0.4980	0	04	-00.1959	+00.1338	-0.3747	0	05	+00.2142	-00.1695	-0.1594	0	06	-00.3643	+00.1149	+1.1733	0	07	-00.3068	+00.2765	+2.8416	0	08	-00.4454	-00.0684	-2.4003	0	09	+00.1393	+00.3433	-2.3565	0	10	+00.1095	+00.1158	+0.9088	0	11	+00.1897	+00.0398	-1.8366	0	12	+00.1610	-00.0018	+0.9759	0	13	-00.1319	-00.0277	+0.0741	0	14	+00.0567	+00.1714	+2.7053	0	15	-00.1064	+00.4010	-2.9851	0	16	-00.3414	+00.2697	-2.8113	0	17	+00.3995	-00.1197	-1.6604	0	18	+00.2474	-00.1709	-0.2155	0	19	+00.0756	-00.0920	-1.1748	0	20	+00.4679	+00.1346	-2.9385	0	21	+00.1053	-00.0757	+2.6631	0	22	+00.4210	+00.1150	+0.6927	0	23	-00.1694	+00.0826	+0.8758	0
0084	00	-00.1979	-00.1017	+0.9396	0	01	-00.0619	-00.4056	-2.0942	0	02	+00.2023	+00.1991	+0.4742	0	03	+00.0937	+00.2403	-0.4980	0	04	-00.1805	+00.1300	-0.3747	0	05	+00.2337	-00.1726	-0.1594	0	06	-00.3549	+00.1321	+0.7021	0	07	-00.3263	+00.2807	+2.9987	0	08	-00.4571	-00.0842	-1.7798	0	09	+00.1252	+00.3291	-2.3565	0	10	+00.1218	+00.1316	+0.9088	0	11	+00.1926	+00.0384	-1.8366	0	12	+00.1639	-00.0032	+0.9759	0	13	-00.1120	-00.0262	+0.0741	0	14	+00.0385	+00.1796	+2.7838	0	15	-00.1258	+00.4005	+2.5991	0	16	-00.3603	+00.2632	-2.8113	0	17	+00.3984	-00.1396	-1.5033	0	18	+00.2670	-00.1757	-0.4511	0	19	+00.0833	-00.1104	-1.1748	0	20	+00.4658	+00.1394	-2.9385	0	21	+00.0875	-00.0665	+2.6631	0	22	+00.4197	+00.1194	+0.8498	0	23	-00.1534	+00.0944	+1.1114	0
0086	00	-00.1875	-00.0849	+1.4029	0	01	-00.0719	-00.4229	-2.0942	0	02	+00.2198	+00.2087	+0.6312	0	03	+00.1113	+00.2308	-0.4980	0	04	-00.1672	+00.1334	-0.3747	0	05	+00.2533	-00.1758	-0.1594	0	06	-00.3396	+00.1450	+0.5529	0	07	-00.3461	+00.2836	+2.9987	0	08	-00.4482	-00.0994	-0.2090	0	09	+00.1110	+00.3150	-2.3565	0	10	+00.1329	+00.1482	+0.9873	0	11	+00.1954	+00.0370	-1.8366	0	12	+00.1671	-00.0046	+1.1251	0	13	-00.0920	-00.0247	+0.0741	0	14	+00.0197	+00.1866	+2.7838	0	15	-00.1393	+00.4150	+2.2770	0	16	-00.3789	+00.2561	-2.6542	0	17	+00.3997	-00.1595	-1.5740	0	18	+00.2854	-00.1834	-0.3726	0	19	+00.0910	-00.1289	-1.1748	0	20	+00.4638	+00.1442	-2.9385	0	21	+00.0715	-00.0549	+2.3489	0	22	+00.4171	+00.1250	+0.7712	0	23	-00.1385	+00.0984	+1.1899	0
0088	00	-00.1843	-00.0652	+1.4108	0	01	-00.0887	-00.4284	+2.6260	0	02	+00.2358	+00.2207	+0.7098	0	03	+00.1297	+00.2231	-0.3409	0	04	-00.1514	+00.1329	-0.3747	0	05	+00.2722	-00.1813	-0.3950	0	06	-00.3219	+00.1533	+0.9299	0	07	-00.3658	+00.2857	-2.8997	0	08	-00.4283	-00.0992	+0.0345	0	09	+00.0963	+00.3015	-2.4351	0	10	+00.1439	+00.1649	+0.9873	0	11	+00.1962	+00.0362	-1.8366	0	12	+00.1681	-00.0052	+1.2115	0	13	-00.0721	-00.0233	+0.0741	0	14	+00.0010	+00.1936	+2.7838	0	15	-00.1461	+00.4332	+1.7273	0	16	-00.3914	+00.2424	-1.5625	0	17	+00.3995	-00.1795	-1.5819	0	18	+00.3038	-00.1913	-0.5296	0	19	+00.1018	-00.1456	-0.9391	0	20	+00.4616	+00.1493	-2.9385	0	21	+00.0574	-00.0407	+2.3489	0	22	+00.4148	+00.1301	+0.7712	0	23	-00.1248	+00.1061	+0.4124	0
0090	00	-00.1812	-00.0454	+1.4108	0	01	-00.1008	-00.4129	+2.1469	0	02	+00.2509	+00.2337	+0.7098	0	03	+00.1471	+00.2206	-0.3409	0	04	-00.1328	+00.1256	-0.3747	0	05	+00.2904	-00.1894	-0.4735	0	06	-00.3191	+00.1725	+1.5660	0	07	-00.3757	+00.2710	-1.3289	0	08	-00.4083	-00.0986	+0.0345	0	09	+00.0811	+00.2885	-2.4351	0	10	+00.1563	+00.1774	+0.9873	0	11	+00.1977	+00.0350	-1.8366	0	12	+00.1682	-00.0055	+1.1330	0	13	-00.0522	-00.0218	+0.0034	0	14	-00.0178	+00.2003	+2.8624	0	15	-00.1397	+00.4500	+0.3999	0	16	-00.3822	+00.2255	-0.7692	0	17	+00.3993	-00.1995	-1.5819	0	18	+00.3212	-00.2014	-0.5296	0	19	+00.1151	-00.1602	-0.5543	0	20	+00.4593	+00.1545	-2.9385	0	21	+00.0445	-00.0256	+2.0426	0	22	+00.4126	+00.1353	+0.7712	0	23	-00.1054	+00.1046	-0.2238	0
0092	00	-00.1756	-00.0268	+0.7118	0	01	-00.1117	-00.3962	+2.1469	0	02	+00.2554	+00.2512	+2.1156	0	03	+00.1605	+00.2260	-0.3409	0	04	-00.1142	+00.1183	-0.3747	0	05	+00.3089	-00.1960	-0.1594	0	06	-00.3200	+00.1924	+1.6446	0	07	-00.3654	+00.2542	-1.1639	0	08	-00.3883	-00.0984	-0.0441	0	09	+00.0659	+00.2755	-2.4351	0	10	+00.1719	+00.1815	+1.3015	0	11	+00.1991	+00.0339	-1.8366	0	12	+00.1696	-00.0065	+1.1330	0	13	-00.0323	-00.0233	-0.0830	0	14	-00.0372	+00.2050	+3.0195	0	15	-00.1230	+00.4442	-1.1708	0	16	-00.3678	+00.2116	-0.7692	0	17	+00.3991	-00.2195	-1.5819	0	18	+00.3380	-00.2124	-0.6082	0	19	+00.1325	-00.1570	+1.0165	0	20	+00.4570	+00.1597	-2.8678	0	21	+00.0355	-00.0077	+2.0348	0	22	+00.4103	+00.1403	+0.7712	0	23	-00.0859	+00.1002	-0.2238	0
0094	00	-00.1567	-00.0216	+0.1542	0	01	-00.1226	-00.3794	+2.1469	0	02	+00.2395	+00.2629	+2.5947	0	03	+00.1734	+00.2301	-0.3409	0	04	-00.0957	+00.1111	-0.3747	0	05	+00.3287	-00.1988	-0.0809	0	06	-00.3199	+00.2106	+1.6446	0	07	-00.3515	+00.2458	-0.1508	0	08	-00.3695	-00.0932	+0.4272	0	09	+00.0507	+00.2625	-2.4351	0	10	+00.1852	+00.1851	+1.7649	0	11	+00.2017	+00.0320	-1.8366	0	12	+00.1708	-00.0074	+1.0544	0	13	-00.0124	-00.0223	+0.0741	0	14	-00.0570	+00.2074	+3.0195	0	15	-00.1211	+00.4246	-1.7285	0	16	-00.3535	+00.1977	-0.7692	0	17	+00.3957	-00.2385	-2.3594	0	18	+00.3487	-00.2289	-1.0794	0	19	+00.1394	-00.1385	+1.3385	0	20	+00.4555	+00.1640	-2.7814	0	21	+00.0266	+00.0102	+2.0348	0	22	+00.4089	+00.1441	+0.7712	0	23	-00.0663	+00.0956	-0.2238	0
0096	00	-00.1373	-00.0173	+0.3112	0	01	-00.1320	-00.3618	+1.9898	0	02	+00.2224	+00.2733	+2.5947	0	03	+00.1917	+00.2245	-0.3409	0	04	-00.0772	+00.1039	-0.3747	0	05	+00.3486	-00.2005	-0.0809	0	06	-00.3100	+00.2206	+1.6446	0	07	-00.3416	+00.2544	+0.0142	0	08	-00.3506	-00.0877	+0.1130	0	09	+00.0394	+00.2465	-1.9638	0	10	+00.1731	+00.1919	-2.9475	0	11	+00.2037	+00.0305	-1.8366	0	12	+00.1729	-00.0089	+1.0544	0	13	+00.0074	-00.0196	+0.1526	0	14	-00.0769	+00.2099	+3.0195	0	15	-00.1242	+00.4049	-1.7285	0	16	-00.3391	+00.1838	-0.7692	0	17	+00.3933	-00.2501	+2.3530	0	18	+00.3491	-00.2397	-1.0009	0	19	+00.1440	-00.1190	+1.3385	0	20	+00.4541	+00.1680	-2.7814	0	21	+00.0153	+00.0266	+2.1918	0	22	+00.4075	+00.1480	+0.7712	0	23	-00.0467	+00.0910	-0.2238	0
0098	00	-00.1183	-00.0110	+0.3898	0	01	-00.1401	-00.3435	+1.9898	0	02	+00.2053	+00.2837	+2.5947	0	03	+00.2106	+00.2178	-0.3409	0	04	-00.0586	+00.0966	-0.3747	0	05	+00.3679	-00.1967	+0.3118	0	06	-00.3001	+00.2309	+1.5660	0	07	-00.3308	+00.2642	+0.0927	0	08	-00.3308	-00.0854	+0.2622	0	09	+00.0277	+00.2306	-2.2073	0	10	+00.1543	+00.1853	-2.7826	0	11	+00.2058	+00.0290	-1.8366	0	12	+00.1750	-00.0104	+1.0544	0	13	+00.0273	-00.0176	+0.0034	0	14	-00.0968	+00.2105	-3.0360	0	15	-00.1273	+00.3851	-1.7285	0	16	-00.3247	+00.1699	-0.7692	0	17	+00.3848	-00.2371	+2.4158	0	18	+00.3579	-00.2566	-1.0794	0	19	+00.1486	-00.0996	+1.3385	0	20	+00.4533	+00.1705	-2.7814	0	21	+00.0037	+00.0429	+2.1918	0	22	+00.4056	+00.1526	+0.6142	0	23	-00.0272	+00.0866	-0.2238	0
0100	00	-00.0998	-00.0034	+0.3898	0	01	-00.1469	-00.3249	+1.6757	0	02	+00.1883	+00.2941	+2.5947	0	03	+00.2294	+00.2111	-0.3409	0	04	-00.0393	+00.0978	+0.1751	0	05	+00.3869	-00.1906	+0.3118	0	06	-00.2895	+00.2413	+1.5660	0	07	-00.3202	+00.2745	+0.0927	0	08	-00.3131	-00.0763	+0.5842	0	09	+00.0159	+00.2144	-2.1995	0	10	+00.1358	+00.1778	-2.7040	0	11	+00.2088	+00.0267	-1.8366	0	12	+00.1768	-00.0117	+0.9759	0	13	+00.0473	-00.0177	-0.0044	0	14	-00.1157	+00.2052	-2.7140	0	15	-00.1305	+00.3654	-1.7285	0	16	-00.3105	+00.1558	-0.8478	0	17	+00.3698	-00.2240	+2.4236	0	18	+00.3673	-00.2743	-1.0794	0	19	+00.1532	-00.0801	+1.3385	0	20	+00.4512	+00.1738	-2.7814	0	21	+00.0023	+00.0431	+2.1918	0	22	+00.4041	+00.1559	+0.7712	0	23	-00.0096	+00.0862	-0.3023	0
0102	00	-00.0821	+00.0057	+0.7746	0	01	-00.1490	-00.3050	+1.6757	0	02	+00.1712	+00.3045	+2.5947	0	03	+00.2484	+00.2051	-0.2624	0	04	-00.0196	+00.1013	+0.1751	0	05	+00.4059	-00.1844	+0.3118	0	06	-00.2808	+00.2511	+1.1812	0	07	-00.3080	+00.2852	-0.0644	0	08	-00.2987	-00.0626	+0.8199	0	09	+00.0042	+00.1983	-2.1995	0	10	+00.1177	+00.1693	-2.7040	0	11	+00.2115	+00.0247	-1.8366	0	12	+00.1795	-00.0135	+1.0544	0	13	+00.0670	-00.0206	-0.1615	0	14	-00.1333	+00.1956	-2.6354	0	15	-00.1329	+00.3456	-1.5714	0	16	-00.2973	+00.1408	-0.7771	0	17	+00.3565	-00.2094	+2.0309	0	18	+00.3657	-00.2921	-2.4853	0	19	+00.1585	-00.0608	+1.2600	0	20	+00.4488	+00.1777	-2.7814	0	21	-00.0097	+00.0536	+2.7338	0	22	+00.4021	+00.1599	+0.8498	0	23	+00.0092	+00.0819	-0.3023	0
0104	00	-00.0694	+00.0209	+1.0181	0	01	-00.1514	-00.2852	+1.7542	0	02	+00.1541	+00.3149	+2.5947	0	03	+00.2680	+00.2016	-0.1053	0	04	+00.0001	+00.1048	+0.1751	0	05	+00.4252	-00.1791	+0.3040	0	06	-00.2648	+00.2583	-0.3896	0	07	-00.2884	+00.2854	-0.0644	0	08	-00.2851	-00.0480	+0.8199	0	09	-00.0047	+00.1805	-1.9638	0	10	+00.0995	+00.1608	-2.7040	0	11	+00.2147	+00.0218	-1.8366	0	12	+00.1805	-00.0140	+0.9759	0	13	+00.0865	-00.0249	-0.2401	0	14	-00.1507	+00.1859	-2.6354	0	15	-00.1346	+00.3258	-1.7285	0	16	-00.2830	+00.1269	-0.7692	0	17	+00.3476	-00.1915	+2.0309	0	18	+00.3480	-00.2906	+2.2271	0	19	+00.1690	-00.0450	+0.5531	0	20	+00.4464	+00.1819	-2.7814	0	21	-00.0295	+00.0550	+3.1343	0	22	+00.3996	+00.1641	+0.8498	0	23	+00.0283	+00.0760	-0.3023	0
0106	00	-00.0721	+00.0305	+1.0966	0	01	-00.1550	-00.2655	+1.7542	0	02	+00.1370	+00.3253	+2.5947	0	03	+00.2879	+00.1995	-0.1053	0	04	+00.0197	+00.1082	+0.1751	0	05	+00.4341	-00.1639	+1.8748	0	06	-00.2508	+00.2445	-0.8687	0	07	-00.2688	+00.2823	-0.2922	0	08	-00.2714	-00.0334	+0.8199	0	09	-00.0103	+00.1618	-1.3434	0	10	+00.0846	+00.1484	-2.3899	0	11	+00.2279	+00.0279	-1.8366	0	12	+00.1898	-00.0019	+0.8974	0	13	+00.1060	-00.0297	-0.2401	0	14	-00.1682	+00.1762	-2.6354	0	15	-00.1377	+00.3060	-1.7285	0	16	-00.2686	+00.1130	-0.7692	0	17	+00.3348	-00.1771	+2.5807	0	18	+00.3384	-00.2732	+2.0622	0	19	+00.1848	-00.0340	+0.7102	0	20	+00.4440	+00.1861	-2.7814	0	21	-00.0366	+00.0630	+3.1343	0	22	+00.3972	+00.1683	+0.8498	0	23	+00.0474	+00.0700	-0.3023	0
0108	00	-00.0773	+00.0410	+1.0966	0	01	-00.1587	-00.2459	+1.7542	0	02	+00.1188	+00.3311	-2.9816	0	03	+00.3074	+00.2003	+0.3659	0	04	+00.0338	+00.1092	+0.1751	0	05	+00.4198	-00.1510	+2.5895	0	06	-00.2379	+00.2292	-0.8687	0	07	-00.2496	+00.2764	-0.3000	0	08	-00.2577	-00.0189	+0.7413	0	09	+00.0024	+00.1472	-0.7072	0	10	+00.0756	+00.1373	-2.5391	0	11	+00.2407	+00.0245	-1.8366	0	12	+00.2006	+00.0136	+0.9759	0	13	+00.1254	-00.0344	-0.2401	0	14	-00.1857	+00.1665	-2.6354	0	15	-00.1409	+00.2863	-1.7285	0	16	-00.2540	+00.0994	-0.6121	0	17	+00.3178	-00.1665	+2.5807	0	18	+00.3290	-00.2555	+2.0622	0	19	+00.2000	-00.0210	+0.7102	0	20	+00.4418	+00.1901	-2.7814	0	21	-00.0427	+00.0728	+2.9772	0	22	+00.3945	+00.1728	+0.7791	0	23	+00.0665	+00.0641	-0.3023	0
0110	00	-00.0820	+00.0497	+1.0966	0	01	-00.1623	-00.2262	+1.7542	0	02	+00.0991	+00.3279	-2.9816	0	03	+00.3266	+00.2056	+0.2088	0	04	+00.0470	+00.1105	+0.1751	0	05	+00.4021	-00.1420	+2.9743	0	06	-00.2250	+00.2139	-0.8687	0	07	-00.2305	+00.2705	-0.3000	0	08	-00.2429	-00.0054	+0.7413	0	09	+00.0176	+00.1342	-0.7072	0	10	+00.0653	+00.1415	+2.1733	0	11	+00.2436	+00.0164	-1.8366	0	12	+00.2086	+00.0315	+1.2194	0	13	+00.1435	-00.0419	-0.6328	0	14	-00.2034	+00.1572	-2.7140	0	15	-00.1440	+00.2665	-1.7285	0	16	-00.2376	+00.0879	-0.6121	0	17	+00.3013	-00.1556	+2.4236	0	18	+00.3182	-00.2388	+2.0700	0	19	+00.2083	-00.0188	+0.7102	0	20	+00.4397	+00.1931	-2.7814	0	21	-00.0490	+00.0844	+3.1343	0	22	+00.3922	+00.1767	+0.7712	0	23	+00.0856	+00.0581	-0.3023	0
0112	00	-00.0833	+00.0549	+1.0181	0	01	-00.1660	-00.2066	+1.7542	0	02	+00.0793	+00.3247	-2.9816	0	03	+00.3461	+00.2100	+0.4366	0	04	+00.0667	+00.1139	+0.1751	0	05	+00.3872	-00.1515	-1.8087	0	06	-00.2121	+00.1987	-0.8687	0	07	-00.2118	+00.2635	-0.3785	0	08	-00.2290	+00.0090	+0.8199	0	09	+00.0351	+00.1285	+0.4630	0	10	+00.0648	+00.1606	+1.3800	0	11	+00.2486	+00.0132	-1.8366	0	12	+00.2156	+00.0503	+1.2115	0	13	+00.1596	-00.0537	-0.6328	0	14	-00.2216	+00.1489	-2.7140	0	15	-00.1471	+00.2468	-1.7285	0	16	-00.2213	+00.0764	-0.6121	0	17	+00.2866	-00.1420	+2.3451	0	18	+00.3090	-00.2211	+2.0622	0	19	+00.2133	-00.0219	+0.7102	0	20	+00.4383	+00.1950	-2.7814	0	21	-00.0569	+00.0979	-2.5284	0	22	+00.3893	+00.1817	+0.5435	0	23	+00.1047	+00.0522	-0.3023	0
0114	00	-00.0712	+00.0617	+1.0181	0	01	-00.1691	-00.1868	+1.7464	0	02	+00.0602	+00.3195	-2.6674	0	03	+00.3641	+00.2185	+0.4445	0	04	+00.0864	+00.1174	+0.1751	0	05	+00.3825	-00.1710	-1.8087	0	06	-00.1992	+00.1834	-0.8687	0	07	-00.1932	+00.2561	-0.3785	0	08	-00.2154	+00.0236	+0.8199	0	09	+00.0416	+00.1451	+1.8846	0	10	+00.0689	+00.1801	+1.3015	0	11	+00.2535	+00.0101	-1.8366	0	12	+00.2214	+00.0693	+1.3686	0	13	+00.1757	-00.0656	-0.6328	0	14	-00.2398	+00.1406	-2.7140	0	15	-00.1503	+00.2270	-1.7285	0	16	-00.2042	+00.0668	-0.1409	0	17	+00.2726	-00.1277	+2.3451	0	18	+00.2995	-00.2035	+2.0622	0	19	+00.2182	-00.0250	+0.7102	0	20	+00.4362	+00.1882	-2.7814	0	21	-00.0682	+00.1098	-0.9576	0	22	+00.3855	+00.1848	+0.0644	0	23	+00.1238	+00.0462	-0.3023	0
0116	00	-00.0601	+00.0740	+1.0966	0	01	-00.1778	-00.1690	+2.0684	0	02	+00.0424	+00.3104	-2.6674	0	03	+00.3722	+00.2344	+1.9289	0	04	+00.1061	+00.1209	+0.1751	0	05	+00.3764	-00.1900	-1.8873	0	06	-00.1867	+00.1679	-0.7901	0	07	-00.1747	+00.2488	-0.3785	0	08	-00.2063	+00.0338	+0.8199	0	09	+00.0355	+00.1641	+1.8061	0	10	+00.0742	+00.1994	+1.3015	0	11	+00.2585	+00.0070	-1.8366	0	12	+00.2254	+00.0889	+1.3686	0	13	+00.1919	-00.0774	-0.6328	0	14	-00.2580	+00.1323	-2.7140	0	15	-00.1533	+00.2073	-1.6499	0	16	-00.1790	+00.0673	-0.9184	0	17	+00.2587	-00.1134	+2.3451	0	18	+00.2895	-00.1862	+2.1407	0	19	+00.2232	-00.0281	+0.7102	0	20	+00.4333	+00.1846	-2.7814	0	21	-00.0571	+00.1179	-0.4000	0	22	+00.3825	+00.1811	+0.0644	0	23	+00.1429	+00.0403	-0.3023	0
0118	00	-00.0498	+00.0847	+1.0966	0	01	-00.1874	-00.1515	+2.0684	0	02	+00.0245	+00.3017	-2.8167	0	03	+00.3626	+00.2518	+2.0153	0	04	+00.1258	+00.1243	+0.0258	0	05	+00.3702	-00.2090	-1.8873	0	06	-00.1722	+00.1548	-0.5545	0	07	-00.1561	+00.2414	-0.3785	0	08	-00.1974	+00.0470	+0.8199	0	09	+00.0329	+00.1839	+1.6490	0	10	+00.0747	+00.2184	+2.2361	0	11	+00.2635	+00.0039	-1.8366	0	12	+00.2268	+00.1083	+2.0676	0	13	+00.2032	-00.0857	-0.6328	0	14	-00.2757	+00.1231	-2.6354	0	15	-00.1538	+00.1905	-2.0426	0	16	-00.1527	+00.0552	-2.2615	0	17	+00.2495	-00.1026	+2.3451	0	18	+00.2787	-00.1694	+2.1407	0	19	+00.2282	-00.0313	+0.7102	0	20	+00.4303	+00.1809	-2.7814	0	21	-00.0416	+00.1271	-0.4000	0	22	+00.3795	+00.1775	+0.0644	0	23	+00.1620	+00.0343	-0.3023	0
0120	00	-00.0409	+00.0982	+1.0966	0	01	-00.1961	-00.1335	+1.9898	0	02	+00.0053	+00.2991	+2.9089	0	03	+00.3540	+00.2698	+2.0153	0	04	+00.1458	+00.1247	-0.0527	0	05	+00.3639	-00.2280	-1.8873	0	06	-00.1557	+00.1436	-0.3268	0	07	-00.1375	+00.2340	-0.3785	0	08	-00.1845	+00.0615	+0.8199	0	09	+00.0281	+00.1969	+1.6490	0	10	+00.0613	+00.2310	-2.4763	0	11	+00.2684	+00.0007	-1.8366	0	12	+00.2165	+00.1254	+2.1540	0	13	+00.2042	-00.0891	-0.6328	0	14	-00.2897	+00.1093	-2.2427	0	15	-00.1634	+00.1759	-2.2783	0	16	-00.1570	+00.0398	-1.6410	0	17	+00.2506	-00.0967	+2.3451	0	18	+00.2668	-00.1535	+2.2978	0	19	+00.2331	-00.0344	+0.7102	0	20	+00.4273	+00.1772	-2.7814	0	21	-00.0221	+00.1335	-0.4000	0	22	+00.3765	+00.1738	+0.0644	0	23	+00.1811	+00.0283	-0.3023	0
0122	00	-00.0321	+00.1155	+1.0966	0	01	-00.2043	-00.1152	+1.9898	0	02	-00.0143	+00.3029	+3.0660	0	03	+00.3454	+00.2879	+2.0153	0	04	+00.1656	+00.1220	-0.1391	0	05	+00.3567	-00.2465	-2.1229	0	06	-00.1368	+00.1373	-0.3189	0	07	-00.1195	+00.2257	-0.8419	0	08	-00.1722	+00.0769	+1.2911	0	09	+00.0232	+00.2127	+1.5705	0	10	+00.0612	+00.2274	-2.1543	0	11	+00.2734	-00.0024	-1.8366	0	12	+00.2055	+00.1421	+2.1540	0	13	+00.2129	-00.1023	-0.9469	0	14	-00.3021	+00.0936	-2.2427	0	15	-00.1759	+00.1603	-2.1997	0	16	-00.1461	+00.0259	-0.0702	0	17	+00.2414	-00.0839	+2.4236	0	18	+00.2535	-00.1385	+2.2978	0	19	+00.2381	-00.0375	+0.7102	0	20	+00.4245	+00.1730	-2.7814	0	21	-00.0019	+00.1293	-0.4785	0	22	+00.3737	+00.1704	-0.0142	0	23	+00.2002	+00.0224	-0.3023	0
0124	00	-00.0230	+00.1333	+1.0966	0	01	-00.2124	-00.0970	+1.9898	0	02	-00.0333	+00.3081	+2.7518	0	03	+00.3379	+00.3064	+1.9367	0	04	+00.1854	+00.1193	-0.1391	0	05	+00.3462	-00.2635	-2.1229	0	06	-00.1178	+00.1310	-0.4681	0	07	-00.1087	+00.2090	-1.0069	0	08	-00.1667	+00.0961	+1.2911	0	09	+00.0258	+00.2320	+1.1778	0	10	+00.0520	+00.2111	-2.1543	0	11	+00.2783	-00.0055	-1.8366	0	12	+00.1904	+00.1539	+2.7823	0	13	+00.2127	-00.1050	-0.9469	0	14	-00.3150	+00.0784	-2.3213	0	15	-00.1877	+00.1442	-2.1997	0	16	-00.1275	+00.0234	-0.8399	0	17	+00.2255	-00.0719	+2.5807	0	18	+00.2517	-00.1376	+2.3763	0	19	+00.2430	-00.0407	+0.7102	0	20	+00.4217	+00.1687	-2.7814	0	21	+00.0158	+00.1201	-0.4785	0	22	+00.3709	+00.1661	-0.0142	0	23	+00.2193	+00.0164	-0.3023	0
0126	00	-00.0178	+00.1525	+1.3323	0	01	-00.2206	-00.0787	+1.9898	0	02	-00.0518	+00.3157	+2.7518	0	03	+00.3278	+00.3234	+2.4001	0	04	+00.2052	+00.1165	-0.1391	0	05	+00.3357	-00.2805	-2.1229	0	06	-00.1095	+00.1143	-1.4185	0	07	-00.0971	+00.1928	-0.8498	0	08	-00.1612	+00.1153	+1.2911	0	09	+00.0332	+00.2505	+1.2563	0	10	+00.0396	+00.1959	-2.7747	0	11	+00.2850	-00.0093	-2.3078	0	12	+00.1717	+00.1609	+2.7823	0	13	+00.2110	-00.1067	-1.0255	0	14	-00.3294	+00.0645	-2.3998	0	15	-00.1994	+00.1280	-2.1997	0	16	-00.1178	+00.0061	-1.0834	0	17	+00.2085	-00.0612	+2.5807	0	18	+00.2498	-00.1392	+2.3763	0	19	+00.2433	-00.0384	+0.7102	0	20	+00.4179	+00.1630	-2.2316	0	21	+00.0335	+00.1107	-0.5571	0	22	+00.3704	+00.1608	-0.0142	0	23	+00.2383	+00.0105	-0.3023	0
0128	00	-00.0181	+00.1726	+1.4893	0	01	-00.2287	-00.0604	+1.9898	0	02	-00.0703	+00.3233	+2.7518	0	03	+00.3090	+00.3284	+3.1148	0	04	+00.2250	+00.1137	-0.1391	0	05	+00.3252	-00.2976	-2.1229	0	06	-00.1064	+00.0945	-1.4185	0	07	-00.0839	+00.1778	-0.8498	0	08	-00.1557	+00.1345	+1.3696	0	09	+00.0394	+00.2695	+1.2563	0	10	+00.0235	+00.1898	+3.0372	0	11	+00.2958	-00.0124	-2.3078	0	12	+00.1526	+00.1664	+2.7823	0	13	+00.2094	-00.1085	-1.0255	0	14	-00.3441	+00.0510	-2.3998	0	15	-00.2083	+00.1103	-1.9641	0	16	-00.1068	-00.0104	-0.7692	0	17	+00.1926	-00.0493	+2.4236	0	18	+00.2476	-00.1407	+2.1486	0	19	+00.2513	-00.0354	+0.7102	0	20	+00.4174	+00.1468	-2.9385	0	21	+00.0491	+00.0983	-0.7141	0	22	+00.3734	+00.1656	-0.0142	0	23	+00.2563	+00.0056	-0.3023	0
0130	00	-00.0229	+00.1921	+2.1098	0	01	-00.2368	-00.0422	+1.8406	0	02	-00.0862	+00.3340	+1.8957	0	03	+00.2893	+00.3300	+2.8007	0	04	+00.2447	+00.1108	-0.3669	0	05	+00.3145	-00.3144	-2.2014	0	06	-00.1028	+00.0749	-1.3399	0	07	-00.0707	+00.1627	-0.8498	0	08	-00.1517	+00.1541	+1.3696	0	09	+00.0456	+00.2885	+1.2563	0	10	+00.0135	+00.2012	+2.1654	0	11	+00.3065	-00.0233	-2.3078	0	12	+00.1338	+00.1735	+2.7823	0	13	+00.2089	-00.1118	-1.0255	0	14	-00.3587	+00.0373	-2.3998	0	15	-00.2153	+00.0916	-1.9641	0	16	-00.0923	-00.0242	-0.6907	0	17	+00.1775	-00.0362	+2.4236	0	18	+00.2494	-00.1377	+2.0622	0	19	+00.2604	-00.0368	+0.7102	0	20	+00.4028	+00.1318	-2.9385	0	21	+00.0642	+00.0852	-0.7141	0	22	+00.3834	+00.1709	-1.2708	0	23	+00.2744	+00.0008	-0.3023	0
0132	00	-00.0396	+00.2020	+2.7460	0	01	-00.2288	-00.0262	+0.4976	0	02	-00.0870	+00.3539	+1.5737	0	03	+00.2704	+00.3367	+2.8007	0	04	+00.2620	+00.1009	-0.5318	0	05	+00.2996	-00.3272	-2.5941	0	06	-00.0982	+00.0554	-1.3399	0	07	-00.0575	+00.1477	-0.8498	0	08	-00.1477	+00.1737	+1.3696	0	09	+00.0518	+00.3076	+1.2563	0	10	+00.0080	+00.2201	+1.7727	0	11	+00.3041	-00.0373	-2.3078	0	12	+00.1150	+00.1799	+2.9394	0	13	+00.2098	-00.1232	-1.0255	0	14	-00.3727	+00.0230	-2.3213	0	15	-00.2203	+00.0723	-1.8070	0	16	-00.0769	-00.0369	-0.6907	0	17	+00.1655	-00.0207	+1.8739	0	18	+00.2501	-00.1263	+2.1407	0	19	+00.2651	-00.0285	+0.6316	0	20	+00.3850	+00.1243	-3.0956	0	21	+00.0793	+00.0721	-0.7141	0	22	+00.3830	+00.1642	-1.2708	0	23	+00.2935	-00.0051	-0.3023	0
0134	00	-00.0580	+00.2097	+2.7460	0	01	-00.2112	-00.0167	+0.4976	0	02	-00.0871	+00.3739	+1.5737	0	03	+00.2516	+00.3433	+2.8007	0	04	+00.2793	+00.0907	-0.5318	0	05	+00.2818	-00.3361	-2.7512	0	06	-00.0875	+00.0403	-0.5467	0	07	-00.0443	+00.1327	-0.8498	0	08	-00.1445	+00.1934	+1.4482	0	09	+00.0574	+00.3267	+1.3348	0	10	+00.0040	+00.2397	+1.7727	0	11	+00.2926	-00.0535	-2.0722	0	12	+00.0953	+00.1836	+3.0179	0	13	+00.2201	-00.1403	-1.0255	0	14	-00.3863	+00.0084	-2.3213	0	15	-00.2252	+00.0529	-1.8856	0	16	-00.0615	-00.0496	-0.6907	0	17	+00.1591	-00.0018	+1.9524	0	18	+00.2407	-00.1088	+2.0622	0	19	+00.2805	-00.0169	+0.6316	0	20	+00.3650	+00.1228	-3.0956	0	21	+00.0944	+00.0591	-0.7141	0	22	+00.3889	+00.1464	-1.2001	0	23	+00.3129	-00.0108	-0.3023	0
0136	00	-00.0765	+00.2175	+2.7460	0	01	-00.1937	-00.0071	+0.4976	0	02	-00.0872	+00.3939	+1.5737	0	03	+00.2327	+00.3500	+2.8007	0	04	+00.2965	+00.0806	-0.5318	0	05	+00.2633	-00.3437	-2.7512	0	06	-00.0705	+00.0298	-0.5545	0	07	-00.0310	+00.1177	-0.8498	0	08	-00.1435	+00.2133	+1.6053	0	09	+00.0620	+00.3462	+1.4134	0	10	-00.0008	+00.2590	+1.9298	0	11	+00.2757	-00.0620	-3.0068	0	12	+00.0755	+00.1861	+3.0179	0	13	+00.2329	-00.1553	-0.7113	0	14	-00.4016	-00.0043	-2.4783	0	15	-00.2289	+00.0334	-1.6499	0	16	-00.0455	-00.0616	-0.6907	0	17	+00.1456	+00.0104	-3.0820	0	18	+00.2361	-00.0897	+1.6695	0	19	+00.2966	-00.0052	+0.4824	0	20	+00.3451	+00.1219	-3.0956	0	21	+00.1095	+00.0460	-0.7141	0	22	+00.3954	+00.1275	-1.2708	0	23	+00.3320	-00.0167	-0.3023	0
0138	00	-00.0949	+00.2252	+2.7460	0	01	-00.1761	+00.0024	+0.4976	0	02	-00.0876	+00.4138	+1.6523	0	03	+00.2139	+00.3567	+2.8007	0	04	+00.3138	+00.0706	-0.4533	0	05	+00.2454	-00.3522	-2.4370	0	06	-00.0530	+00.0201	-0.4760	0	07	-00.0178	+00.1027	-0.8498	0	08	-00.1442	+00.2333	+1.6053	0	09	+00.0651	+00.3659	+1.4134	0	10	-00.0078	+00.2778	+1.9298	0	11	+00.2662	-00.0617	-2.3078	0	12	+00.0557	+00.1886	+3.0179	0	13	+00.2480	-00.1683	-0.7113	0	14	-00.4174	-00.0166	-2.4783	0	15	-00.2324	+00.0138	-1.8070	0	16	-00.0301	-00.0744	-0.6907	0	17	+00.1290	+00.0003	-2.5244	0	18	+00.2279	-00.0764	+1.6695	0	19	+00.3144	+00.0039	+0.4746	0	20	+00.3251	+00.1210	-3.0956	0	21	+00.1242	+00.0336	-0.7141	0	22	+00.4013	+00.1084	-1.2708	0	23	+00.3511	-00.0227	-0.3023	0
0140	00	-00.1092	+00.2386	+2.4240	0	01	-00.1585	+00.0120	+0.4976	0	02	-00.0933	+00.4326	+2.0450	0	03	+00.1946	+00.3618	+2.9577	0	04	+00.3318	+00.0618	-0.4533	0	05	+00.2295	-00.3642	-2.5156	0	06	-00.0355	+00.0105	-0.6331	0	07	-00.0046	+00.0876	-0.8498	0	08	-00.1455	+00.2532	+1.6838	0	09	+00.0683	+00.3857	+1.4134	0	10	-00.0149	+00.2965	+1.9298	0	11	+00.2540	-00.0760	-2.3078	0	12	+00.0358	+00.1910	+3.0179	0	13	+00.2614	-00.1828	-0.9469	0	14	-00.4349	-00.0258	-2.7925	0	15	-00.2330	-00.0053	-0.9509	0	16	-00.0147	-00.0871	-0.6907	0	17	+00.1120	-00.0102	-2.6029	0	18	+00.2256	-00.0567	+1.6695	0	19	+00.3322	+00.0131	+0.4746	0	20	+00.3051	+00.1200	-3.0956	0	21	+00.1393	+00.0205	-0.7141	0	22	+00.4086	+00.0899	-1.2629	0	23	+00.3702	-00.0286	-0.3023	0
0142	00	-00.1253	+00.2490	+2.5889	0	01	-00.1420	+00.0231	+0.6546	0	02	-00.1024	+00.4503	+2.1156	0	03	+00.1750	+00.3657	+2.8792	0	04	+00.3497	+00.0582	-0.4533	0	05	+00.2114	-00.3719	-2.8297	0	06	-00.0188	-00.0003	-0.4760	0	07	+00.0086	+00.0726	-0.8498	0	08	-00.1485	+00.2734	+1.6838	0	09	+00.0714	+00.4054	+1.4134	0	10	-00.0211	+00.3155	+1.9220	0	11	+00.2405	-00.0908	-2.3078	0	12	+00.0230	+00.2035	+1.7613	0	13	+00.2731	-00.1991	-0.9469	0	14	-00.4537	-00.0326	-2.7925	0	15	-00.2156	-00.0134	-0.3148	0	16	+00.0001	-00.1005	-0.7692	0	17	+00.0948	-00.0204	-2.6029	0	18	+00.2200	-00.0376	+1.9051	0	19	+00.3501	+00.0171	+0.4746	0	20	+00.2852	+00.1188	-3.0170	0	21	+00.1544	+00.0074	-0.7141	0	22	+00.4093	+00.0701	-1.7420	0	23	+00.3893	-00.0346	-0.3023	0
0144	00	-00.1419	+00.2601	+2.5104	0	01	-00.1262	+00.0353	+0.6546	0	02	-00.1194	+00.4554	-2.5967	0	03	+00.1557	+00.3709	+2.8792	0	04	+00.3657	+00.0596	-0.4533	0	05	+00.1923	-00.3780	-2.8297	0	06	-00.0011	-00.0095	-0.4760	0	07	+00.0218	+00.0576	-0.8498	0	08	-00.1505	+00.2932	+1.6838	0	09	+00.0726	+00.4253	+1.5705	0	10	-00.0305	+00.3330	+2.0084	0	11	+00.2281	-00.1064	-2.2293	0	12	+00.0153	+00.2217	+2.0755	0	13	+00.2848	-00.2153	-0.9469	0	14	-00.4680	-00.0445	-1.7008	0	15	-00.1966	-00.0196	-0.3148	0	16	+00.0145	-00.1144	-0.7692	0	17	+00.0776	-00.0307	-2.6029	0	18	+00.2135	-00.0187	+1.9051	0	19	+00.3681	+00.0172	+0.6316	0	20	+00.2653	+00.1163	-3.0170	0	21	+00.1695	-00.0057	-0.7141	0	22	+00.4068	+00.0503	-1.8991	0	23	+00.4082	-00.0410	-0.3809	0
0146	00	-00.1581	+00.2719	+2.5104	0	01	-00.1113	+00.0486	+0.7332	0	02	-00.1244	+00.4384	-1.0966	0	03	+00.1364	+00.3759	+3.1070	0	04	+00.3812	+00.0530	-0.4533	0	05	+00.1733	-00.3842	-2.8297	0	06	+00.0167	-00.0187	-0.4760	0	07	+00.0350	+00.0426	-0.8498	0	08	-00.1560	+00.3120	+2.0765	0	09	+00.0726	+00.4453	+1.5705	0	10	-00.0388	+00.3511	+1.7806	0	11	+00.2158	-00.1223	-2.2293	0	12	+00.0044	+00.2384	+2.1540	0	13	+00.2965	-00.2315	-0.9469	0	14	-00.4579	-00.0590	-0.1300	0	15	-00.1775	-00.0258	-0.3148	0	16	+00.0289	-00.1283	-0.7692	0	17	+00.0605	-00.0409	-2.6029	0	18	+00.2096	-00.0004	+1.9051	0	19	+00.3792	+00.0146	+0.1604	0	20	+00.2456	+00.1180	+3.1091	0	21	+00.1819	-00.0183	-0.7141	0	22	+00.4203	+00.0402	-1.8991	0	23	+00.4268	-00.0485	-0.3809	0
0148	00	-00.1761	+00.2800	+2.8245	0	01	-00.0958	+00.0612	+0.6546	0	02	-00.1181	+00.4196	-1.3323	0	03	+00.1165	+00.3749	-3.0898	0	04	+00.3990	+00.0444	-0.4533	0	05	+00.1546	-00.3911	-2.7512	0	06	+00.0269	-00.0238	-0.4760	0	07	+00.0482	+00.0275	-0.8498	0	08	-00.1657	+00.3295	+2.0765	0	09	+00.0687	+00.4640	+2.4265	0	10	-00.0428	+00.3707	+1.6942	0	11	+00.2067	-00.1393	-1.4518	0	12	-00.0086	+00.2534	+2.4682	0	13	+00.3081	-00.2478	-0.9469	0	14	-00.4388	-00.0542	+0.2706	0	15	-00.1586	-00.0320	-0.3933	0	16	+00.0432	-00.1422	-0.7692	0	17	+00.0509	-00.0553	-2.6029	0	18	+00.2031	+00.0185	+1.9051	0	19	+00.3955	+00.0089	-0.1537	0	20	+00.2256	+00.1186	+3.1091	0	21	+00.1967	-00.0316	-1.0204	0	22	+00.4374	+00.0303	-1.8991	0	23	+00.4453	-00.0559	-0.3809	0
0150	00	-00.1951	+00.2862	+2.8245	0	01	-00.0799	+00.0734	+0.6546	0	02	-00.1133	+00.4002	-1.3323	0	03	+00.0965	+00.3739	-3.0898	0	04	+00.4166	+00.0360	-0.4533	0	05	+00.1363	-00.3988	-3.0575	0	06	+00.0453	-00.0288	-0.0047	0	07	+00.0614	+00.0125	-0.8498	0	08	-00.1741	+00.3476	+1.9979	0	09	+00.0511	+00.4636	-2.2859	0	10	-00.0453	+00.3905	+1.8434	0	11	+00.2154	-00.1570	-1.0512	0	12	-00.0201	+00.2684	+1.6042	0	13	+00.3191	-00.2645	-1.0255	0	14	-00.4196	-00.0489	+0.2706	0	15	-00.1408	-00.0408	-0.7075	0	16	+00.0576	-00.1561	-0.7692	0	17	+00.0340	-00.0659	-2.6029	0	18	+00.1965	+00.0374	+1.9051	0	19	+00.4111	+00.0000	-0.0752	0	20	+00.2057	+00.1201	+3.0305	0	21	+00.2070	-00.0487	-1.0283	0	22	+00.4558	+00.0195	-2.1347	0	23	+00.4624	-00.0654	-1.0013	0
0152	00	-00.2141	+00.2924	+2.8245	0	01	-00.0641	+00.0855	+0.6546	0	02	-00.1084	+00.3808	-1.2537	0	03	+00.0765	+00.3729	-3.0898	0	04	+00.4344	+00.0274	-0.4533	0	05	+00.1189	-00.3904	+2.5110	0	06	+00.0635	-00.0336	-0.4681	0	07	+00.0761	+00.0008	-0.8498	0	08	-00.1799	+00.3667	+1.6916	0	09	+00.0480	+00.4447	-1.4926	0	10	-00.0522	+00.4092	+1.9298	0	11	+00.2261	-00.1739	-0.9727	0	12	-00.0189	+00.2881	+1.2115	0	13	+00.3328	-00.2789	-0.7898	0	14	-00.4003	-00.0435	+0.2706	0	15	-00.1265	-00.0548	-0.7860	0	16	+00.0720	-00.1700	-0.7692	0	17	+00.0168	-00.0762	-2.6029	0	18	+00.1899	+00.0563	+1.9051	0	19	+00.4287	-00.0077	-0.2323	0	20	+00.1861	+00.1169	-2.9385	0	21	+00.2167	-00.0661	-1.2639	0	22	+00.4731	+00.0103	-2.1347	0	23	+00.4595	-00.0828	-2.5721	0
0154	00	-00.2331	+00.2987	+2.8245	0	01	-00.0482	+00.0977	+0.6546	0	02	-00.0983	+00.3648	-0.3898	0	03	+00.0566	+00.3718	-3.0898	0	04	+00.4479	+00.0199	-0.4533	0	05	+00.1015	-00.3810	+2.7466	0	06	+00.0794	-00.0452	-0.6331	0	07	+00.0910	-00.0121	-0.8498	0	08	-00.1697	+00.3811	+0.1208	0	09	+00.0496	+00.4248	-1.4926	0	10	-00.0585	+00.4282	+1.8513	0	11	+00.2348	-00.1918	-1.1297	0	12	-00.0118	+00.3068	+1.2115	0	13	+00.3468	-00.2932	-0.7898	0	14	-00.3806	-00.0447	-0.1221	0	15	-00.1124	-00.0689	-0.7860	0	16	+00.0864	-00.1839	-0.7692	0	17	-00.0003	-00.0864	-2.6029	0	18	+00.1838	+00.0752	+1.6695	0	19	+00.4387	-00.0179	-0.2323	0	20	+00.1665	+00.1129	-2.9385	0	21	+00.2228	-00.0852	-1.2639	0	22	+00.4835	-00.0006	-2.1347	0	23	+00.4408	-00.0815	+2.7607	0
0156	00	-00.2521	+00.3049	+2.8245	0	01	-00.0323	+00.1099	+0.6546	0	02	-00.0795	+00.3598	+0.3092	0	03	+00.0366	+00.3708	-3.0898	0	04	+00.4632	+00.0134	-0.6810	0	05	+00.0830	-00.3733	+2.7466	0	06	+00.0942	-00.0585	-0.7116	0	07	+00.1051	-00.0262	-0.8498	0	08	-00.1543	+00.3712	-0.9866	0	09	+00.0492	+00.4049	-1.6497	0	10	-00.0652	+00.4470	+1.9298	0	11	+00.2434	-00.2099	-1.1297	0	12	-00.0048	+00.3255	+1.2115	0	13	+00.3547	-00.3100	-1.8815	0	14	-00.3607	-00.0472	-0.1221	0	15	-00.0983	-00.0831	-0.7860	0	16	+00.1007	-00.1978	-0.7692	0	17	-00.0175	-00.0967	-2.6029	0	18	+00.1818	+00.0951	+1.6695	0	19	+00.4375	-00.0342	-0.2323	0	20	+00.1468	+00.1098	-3.0170	0	21	+00.2288	-00.1042	-1.2639	0	22	+00.4822	-00.0169	-2.1347	0	23	+00.4222	-00.0741	+2.6900	0
0158	00	-00.2711	+00.3111	+2.8245	0	01	-00.0165	+00.1221	+0.6546	0	02	-00.0630	+00.3703	+0.1679	0	03	+00.0198	+00.3725	+2.8085	0	04	+00.4676	+00.0000	-2.2518	0	05	+00.0645	-00.3656	+2.7466	0	06	+00.1084	-00.0725	-0.7116	0	07	+00.1192	-00.0402	-0.8498	0	08	-00.1432	+00.3545	-0.9866	0	09	+00.0477	+00.3852	-1.6497	0	10	-00.0754	+00.4632	+2.7859	0	11	+00.2519	-00.2280	-1.1297	0	12	-00.0071	+00.3375	+1.2115	0	13	+00.3394	-00.3188	+2.8308	0	14	-00.3409	-00.0496	-0.1221	0	15	-00.0841	-00.0972	-0.7860	0	16	+00.1151	-00.2117	-0.7692	0	17	-00.0339	-00.1081	-2.5244	0	18	+00.1798	+00.1151	+1.6695	0	19	+00.4284	-00.0506	-0.3108	0	20	+00.1269	+00.1073	-3.0170	0	21	+00.2305	-00.1239	-1.4210	0	22	+00.4728	-00.0334	-2.1347	0	23	+00.4054	-00.0635	+2.5251	0
0160	00	-00.2901	+00.3174	+2.8245	0	01	-00.0006	+00.1342	+0.5840	0	02	-00.0436	+00.3670	-0.3112	0	03	+00.0056	+00.3876	+2.5650	0	04	+00.4499	-00.0084	-2.8095	0	05	+00.0461	-00.3579	+2.7466	0	06	+00.1226	-00.0866	-0.7116	0	07	+00.1334	-00.0542	-0.8498	0	08	-00.1322	+00.3379	-0.9866	0	09	+00.0442	+00.3657	-1.9638	0	10	-00.0918	+00.4566	-1.9265	0	11	+00.2617	-00.2454	-1.0512	0	12	-00.0034	+00.3511	+1.2115	0	13	+00.3244	-00.3060	+2.3518	0	14	-00.3227	-00.0557	-0.9782	0	15	-00.0831	-00.1110	-0.9431	0	16	+00.1295	-00.2257	-0.7692	0	17	-00.0384	-00.1216	-2.5244	0	18	+00.1779	+00.1350	+1.6695	0	19	+00.4256	-00.0653	-0.1537	0	20	+00.1071	+00.1048	-3.0170	0	21	+00.2341	-00.1435	-1.3425	0	22	+00.4702	-00.0465	-2.1347	0	23	+00.3892	-00.0517	+2.4466	0
0162	00	-00.3091	+00.3236	+2.8245	0	01	+00.0175	+00.1426	+0.4190	0	02	-00.0271	+00.3618	-0.3112	0	03	-00.0110	+00.3990	+2.5650	0	04	+00.4310	-00.0149	-2.8095	0	05	+00.0269	-00.3527	+2.9037	0	06	+00.1368	-00.1006	-0.7116	0	07	+00.1475	-00.0683	-0.8498	0	08	-00.1212	+00.3212	-0.9866	0	09	+00.0366	+00.3472	-1.9638	0	10	-00.0858	+00.4396	-0.5835	0	11	+00.2714	-00.2612	-0.8941	0	12	+00.0063	+00.3685	+1.2115	0	13	+00.3113	-00.2929	+2.3518	0	14	-00.3117	-00.0724	-0.9861	0	15	-00.0814	-00.1265	-1.7206	0	16	+00.1438	-00.2396	-0.7692	0	17	-00.0450	-00.1380	-2.2887	0	18	+00.1756	+00.1548	+1.7480	0	19	+00.4229	-00.0789	-0.0752	0	20	+00.0873	+00.1024	-3.0956	0	21	+00.2387	-00.1630	-1.3425	0	22	+00.4676	-00.0594	-2.1347	0	23	+00.3773	-00.0362	+1.8968	0
0164	00	-00.3282	+00.3291	-3.0738	0	01	+00.0357	+00.1507	+0.4190	0	02	-00.0077	+00.3575	-0.1542	0	03	-00.0255	+00.4078	+2.6436	0	04	+00.4121	-00.0215	-2.8095	0	05	+00.0074	-00.3480	+2.9037	0	06	+00.1510	-00.1147	-0.7116	0	07	+00.1617	-00.0823	-0.8498	0	08	-00.1093	+00.3053	-0.7509	0	09	+00.0291	+00.3287	-1.8853	0	10	-00.0716	+00.4301	-0.5835	0	11	+00.2709	-00.2619	-0.8941	0	12	+00.0107	+00.3874	+1.9105	0	13	+00.3103	-00.2935	+2.2025	0	14	-00.3006	-00.0891	-0.9861	0	15	-00.0894	-00.1439	-1.7285	0	16	+00.1582	-00.2535	-0.7692	0	17	-00.0532	-00.1554	-2.2887	0	18	+00.1727	+00.1746	+1.6695	0	19	+00.4208	-00.0937	+0.6238	0	20	+00.0673	+00.1015	-3.0956	0	21	+00.2432	-00.1825	-1.3425	0	22	+00.4646	-00.0706	-2.1347	0	23	+00.3709	-00.0172	+1.8968	0
0166	00	-00.3404	+00.3164	-1.5030	0	01	+00.0544	+00.1578	+0.3405	0	02	+00.0121	+00.3544	-0.2248	0	03	-00.0332	+00.4105	+2.9499	0	04	+00.3932	-00.0280	-2.8095	0	05	-00.0120	-00.3433	+2.9037	0	06	+00.1652	-00.1287	-0.7116	0	07	+00.1758	-00.0963	-0.8498	0	08	-00.0940	+00.2928	-0.4368	0	09	+00.0229	+00.3097	-1.8853	0	10	-00.0800	+00.4308	-0.5835	0	11	+00.2721	-00.2614	-0.8941	0	12	-00.0040	+00.3959	-2.8019	0	13	+00.3112	-00.2930	+2.1161	0	14	-00.2840	-00.0989	-0.3578	0	15	-00.0975	-00.1614	-1.7285	0	16	+00.1726	-00.2674	-0.7692	0	17	-00.0613	-00.1729	-2.2887	0	18	+00.1728	+00.1945	+1.5124	0	19	+00.4127	-00.0885	+0.9458	0	20	+00.0477	+00.0985	-2.8599	0	21	+00.2477	-00.2020	-1.3425	0	22	+00.4568	-00.0863	-2.5196	0	23	+00.3645	+00.0017	+1.8968	0
0168	00	-00.3326	+00.2982	-1.1025	0	01	+00.0719	+00.1667	+0.7332	0	02	+00.0282	+00.3434	-1.0102	0	03	-00.0472	+00.4124	+2.8792	0	04	+00.3743	-00.0345	-2.8095	0	05	-00.0302	-00.3360	+2.2832	0	06	+00.1798	-00.1425	-0.7116	0	07	+00.1903	-00.1098	-0.6142	0	08	-00.0758	+00.2843	-0.4368	0	09	+00.0159	+00.2911	-1.8853	0	10	-00.0943	+00.4327	-0.5049	0	11	+00.2729	-00.2613	-0.8156	0	12	-00.0179	+00.3821	-2.2442	0	13	+00.3130	-00.2915	+2.1161	0	14	-00.2653	-00.1059	-0.3578	0	15	-00.1052	-00.1791	-1.7285	0	16	+00.1869	-00.2813	-0.7692	0	17	-00.0695	-00.1902	-2.2102	0	18	+00.1740	+00.2144	+1.5124	0	19	+00.4166	-00.0658	+0.9458	0	20	+00.0283	+00.0939	-2.7893	0	21	+00.2537	-00.2210	-1.2639	0	22	+00.4453	-00.0924	+2.5777	0	23	+00.3558	+00.0195	+2.1324	0
0170	00	-00.3236	+00.2804	-1.1025	0	01	+00.0868	+00.1801	+0.7332	0	02	+00.0251	+00.3260	-2.5810	0	03	-00.0601	+00.4148	+2.5650	0	04	+00.3554	-00.0410	-2.8095	0	05	-00.0440	-00.3216	+2.3539	0	06	+00.1949	-00.1555	-0.7116	0	07	+00.2067	-00.1213	-0.6142	0	08	-00.0572	+00.2776	-0.2012	0	09	+00.0097	+00.2721	-1.8853	0	10	-00.1061	+00.4373	-0.5049	0	11	+00.2724	-00.2742	-0.1951	0	12	-00.0303	+00.3664	-2.2442	0	13	+00.3234	-00.2794	+2.9722	0	14	-00.2465	-00.1129	-0.3578	0	15	-00.1131	-00.1972	-1.6499	0	16	+00.2013	-00.2952	-0.7692	0	17	-00.0766	-00.2079	-2.2102	0	18	+00.1758	+00.2343	+1.4339	0	19	+00.4282	-00.0495	+0.9458	0	20	+00.0096	+00.0869	-2.7814	0	21	+00.2626	-00.2384	-1.0283	0	22	+00.4296	-00.0828	+2.5777	0	23	+00.3441	+00.0353	+2.6743	0
0172	00	-00.3146	+00.2625	-1.0318	0	01	+00.1016	+00.1935	+0.7332	0	02	+00.0071	+00.3286	+2.5162	0	03	-00.0684	+00.4203	+2.5650	0	04	+00.3365	-00.0475	-2.8095	0	05	-00.0585	-00.3078	+2.4324	0	06	+00.2100	-00.1686	-0.7116	0	07	+00.2230	-00.1329	-0.6142	0	08	-00.0409	+00.2773	-0.1226	0	09	+00.0011	+00.2556	-2.9063	0	10	-00.1143	+00.4429	-0.5835	0	11	+00.2818	-00.2863	-0.1873	0	12	-00.0446	+00.3525	-2.3228	0	13	+00.3326	-00.2853	+2.9801	0	14	-00.2278	-00.1199	-0.3578	0	15	-00.1190	-00.2156	-1.6499	0	16	+00.2157	-00.3091	-0.7692	0	17	-00.0832	-00.2261	-2.1317	0	18	+00.1783	+00.2541	+1.4339	0	19	+00.4399	-00.0333	+0.9458	0	20	-00.0092	+00.0799	-2.7814	0	21	+00.2718	-00.2504	-1.1068	0	22	+00.4127	-00.0721	+2.5777	0	23	+00.3271	+00.0306	-2.0381	0
0174	00	-00.2976	+00.2574	+0.5390	0	01	+00.1162	+00.2072	+0.8117	0	02	-00.0091	+00.3403	+2.5162	0	03	-00.0766	+00.4256	+2.5650	0	04	+00.3176	-00.0541	-2.8095	0	05	-00.0737	-00.2948	+2.4324	0	06	+00.2266	-00.1797	-0.5545	0	07	+00.2394	-00.1444	-0.6142	0	08	-00.0270	+00.2785	-0.1226	0	09	-00.0094	+00.2458	-2.9849	0	10	-00.1226	+00.4482	-0.5835	0	11	+00.2905	-00.3023	-0.2579	0	12	-00.0587	+00.3384	-2.4013	0	13	+00.3349	-00.2863	+2.9801	0	14	-00.2091	-00.1269	-0.3578	0	15	-00.1252	-00.2340	-1.6499	0	16	+00.2300	-00.3230	-0.7692	0	17	-00.0893	-00.2446	-2.1317	0	18	+00.1811	+00.2739	+1.3553	0	19	+00.4516	-00.0170	+0.9458	0	20	-00.0279	+00.0730	-2.9385	0	21	+00.2804	-00.2666	-1.1068	0	22	+00.3958	-00.0614	+2.5777	0	23	+00.3298	+00.0119	-1.1663	0
0176	00	-00.2841	+00.2719	+0.8610	0	01	+00.1299	+00.2217	+0.8117	0	02	-00.0259	+00.3512	+2.5947	0	03	-00.0849	+00.4310	+2.5650	0	04	+00.2985	-00.0599	-2.8880	0	05	-00.0833	-00.3038	+2.3539	0	06	+00.2433	-00.1906	-0.5545	0	07	+00.2543	-00.1575	-0.7712	0	08	-00.0071	+00.2760	-0.1226	0	09	-00.0291	+00.2427	-2.9849	0	10	-00.1308	+00.4536	-0.5835	0	11	+00.3054	-00.3125	-0.4229	0	12	-00.0752	+00.3286	-3.1082	0	13	+00.3330	-00.2863	+2.9801	0	14	-00.1904	-00.1338	-0.1221	0	15	-00.1352	-00.2510	-1.4929	0	16	+00.2444	-00.3369	-0.7692	0	17	-00.0973	-00.2591	-2.1317	0	18	+00.1833	+00.2933	+1.9758	0	19	+00.4626	-00.0005	+1.3307	0	20	-00.0476	+00.0711	+3.0305	0	21	+00.2876	-00.2836	-1.1068	0	22	+00.3789	-00.0507	+2.5777	0	23	+00.3376	-00.0065	-1.1663	0
0178	00	-00.2709	+00.2867	+1.0181	0	01	+00.1459	+00.2319	-0.1229	0	02	-00.0417	+00.3633	+2.4377	0	03	-00.0932	+00.4363	+2.5650	0	04	+00.2791	-00.0649	-2.8880	0	05	-00.0925	-00.3167	+1.8120	0	06	+00.2592	-00.2026	-0.5545	0	07	+00.2699	-00.1699	-0.6927	0	08	+00.0125	+00.2725	-0.2012	0	09	-00.0489	+00.2395	-2.9849	0	10	-00.1391	+00.4589	-0.5835	0	11	+00.3237	-00.3207	-0.4229	0	12	-00.0947	+00.3257	-2.7940	0	13	+00.3289	-00.2818	+2.9801	0	14	-00.1709	-00.1373	-0.3578	0	15	-00.1423	-00.2689	-1.2572	0	16	+00.2515	-00.3546	-1.4761	0	17	-00.1016	-00.2692	-2.1317	0	18	+00.1672	+00.3007	-2.7366	0	19	+00.4544	+00.0157	+2.5166	0	20	-00.0674	+00.0733	+3.0305	0	21	+00.2947	-00.3010	-0.7927	0	22	+00.3711	-00.0507	+2.5777	0	23	+00.3364	-00.0142	-1.1663	0
0180	00	-00.2619	+00.3043	+1.4815	0	01	+00.1600	+00.2193	-0.9947	0	02	-00.0538	+00.3785	+1.9664	0	03	-00.1004	+00.4406	+2.5650	0	04	+00.2607	-00.0613	+2.6098	0	05	-00.0914	-00.3094	+1.4114	0	06	+00.2754	-00.2141	-0.5545	0	07	+00.2860	-00.1816	-0.6927	0	08	+00.0322	+00.2694	-0.0441	0	09	-00.0686	+00.2364	-2.9849	0	10	-00.1463	+00.4632	-0.5835	0	11	+00.3420	-00.3212	+0.7474	0	12	-00.1130	+00.3175	-2.7155	0	13	+00.3094	-00.2785	+2.9801	0	14	-00.1522	-00.1443	-0.5070	0	15	-00.1365	-00.2875	-1.1002	0	16	+00.2534	-00.3745	-1.4761	0	17	-00.1017	-00.2657	-2.2887	0	18	+00.1542	+00.2863	-2.1004	0	19	+00.4382	+00.0274	+2.5166	0	20	-00.0873	+00.0744	-3.0956	0	21	+00.3090	-00.3149	-0.7141	0	22	+00.3666	-00.0546	+2.5777	0	23	+00.3319	-00.0180	-1.1663	0
0182	00	-00.2626	+00.3239	+1.4108	0	01	+00.1670	+00.2008	-1.3874	0	02	-00.0595	+00.3976	+1.8093	0	03	-00.1005	+00.4406	+2.5650	0	04	+00.2502	-00.0454	+1.9029	0	05	-00.0888	-00.2901	+1.8748	0	06	+00.2916	-00.2258	-0.5545	0	07	+00.3022	-00.1933	-0.6927	0	08	+00.0522	+00.2685	-0.0441	0	09	-00.0884	+00.2333	-2.9849	0	10	-00.1464	+00.4631	-0.5835	0	11	+00.3436	-00.3036	+2.3182	0	12	-00.1312	+00.3092	-2.7155	0	13	+00.2897	-00.2753	+2.9801	0	14	-00.1378	-00.1576	-0.9075	0	15	-00.1275	-00.3053	-1.1002	0	16	+00.2513	-00.3935	-2.3322	0	17	-00.1173	-00.2722	-2.4458	0	18	+00.1431	+00.2697	-2.1790	0	19	+00.4220	+00.0391	+2.5166	0	20	-00.1060	+00.0792	+2.6378	0	21	+00.3241	-00.3280	-0.6435	0	22	+00.3621	-00.0584	+2.5777	0	23	+00.3274	-00.0219	-1.1663	0
0184	00	-00.2595	+00.3436	+1.4108	0	01	+00.1706	+00.1812	-1.3874	0	02	-00.0666	+00.4157	+2.5083	0	03	-00.1006	+00.4405	+2.5650	0	04	+00.2436	-00.0265	+1.9029	0	05	-00.1009	-00.2765	-3.0732	0	06	+00.3078	-00.2374	-0.5545	0	07	+00.3184	-00.2049	-0.6927	0	08	+00.0721	+00.2676	-0.0441	0	09	-00.1081	+00.2302	-2.9849	0	10	-00.1465	+00.4631	-0.5835	0	11	+00.3262	-00.2944	+2.7187	0	12	-00.1494	+00.3010	-2.7155	0	13	+00.2699	-00.2720	+2.9801	0	14	-00.1255	-00.1734	-0.9075	0	15	-00.1184	-00.3231	-1.1002	0	16	+00.2337	-00.3948	+2.4509	0	17	-00.1329	-00.2852	-2.4458	0	18	+00.1307	+00.2541	-2.3361	0	19	+00.4058	+00.0508	+2.5166	0	20	-00.1224	+00.0903	+2.4022	0	21	+00.3417	-00.3263	+0.9273	0	22	+00.3576	-00.0623	+2.5777	0	23	+00.3229	-00.0257	-1.1663	0
0186	00	-00.2563	+00.3634	+1.4108	0	01	+00.1743	+00.1615	-1.3874	0	02	-00.0814	+00.4232	+2.6733	0	03	-00.1086	+00.4430	+2.9577	0	04	+00.2371	-00.0076	+1.9029	0	05	-00.1204	-00.2776	+2.9822	0	06	+00.3240	-00.2491	-0.5545	0	07	+00.3346	-00.2166	-0.6927	0	08	+00.0921	+00.2667	-0.0441	0	09	-00.1279	+00.2270	-2.9849	0	10	-00.1568	+00.4598	-0.5835	0	11	+00.3079	-00.2862	+2.7187	0	12	-00.1676	+00.2927	-2.7155	0	13	+00.2502	-00.2688	+2.9801	0	14	-00.1123	-00.1880	-0.5148	0	15	-00.1060	-00.3381	-0.6289	0	16	+00.2183	-00.3820	+2.4509	0	17	-00.1482	-00.2980	-2.4458	0	18	+00.1168	+00.2397	-2.3361	0	19	+00.3895	+00.0625	+2.5166	0	20	-00.1376	+00.1033	+2.4808	0	21	+00.3400	-00.3087	+2.4275	0	22	+00.3545	-00.0647	+2.5777	0	23	+00.3183	-00.0291	-1.0092	0
0188	00	-00.2521	+00.3829	+1.2537	0	01	+00.1731	+00.1423	-2.2435	0	02	-00.0944	+00.4284	+2.6733	0	03	-00.1254	+00.4443	-2.8621	0	04	+00.2306	+00.0113	+1.9029	0	05	-00.1403	-00.2761	+3.1393	0	06	+00.3402	-00.2607	-0.5545	0	07	+00.3508	-00.2282	-0.6927	0	08	+00.1121	+00.2658	-0.0441	0	09	-00.1476	+00.2239	-2.9849	0	10	-00.1748	+00.4505	-0.5835	0	11	+00.2897	-00.2780	+2.7187	0	12	-00.1851	+00.2831	-2.6369	0	13	+00.2305	-00.2656	+2.9801	0	14	-00.0953	-00.1986	-0.5934	0	15	-00.0899	-00.3499	-0.6289	0	16	+00.2028	-00.3693	+2.4509	0	17	-00.1636	-00.3108	-2.4458	0	18	+00.1021	+00.2262	-2.4146	0	19	+00.3729	+00.0734	+2.7522	0	20	-00.1534	+00.1156	+2.4808	0	21	+00.3249	-00.2956	+2.4275	0	22	+00.3504	-00.0680	+2.3499	0	23	+00.3153	-00.0310	-1.0092	0
0190	00	-00.2396	+00.3959	+0.0049	0	01	+00.1555	+00.1337	-2.8011	0	02	-00.1020	+00.4350	+2.6654	0	03	-00.1357	+00.4295	-1.7547	0	04	+00.2241	+00.0302	+1.9029	0	05	-00.1602	-00.2760	+2.9901	0	06	+00.3566	-00.2721	-0.5545	0	07	+00.3673	-00.2396	-0.6927	0	08	+00.1321	+00.2649	-0.0441	0	09	-00.1674	+00.2208	-2.9849	0	10	-00.1770	+00.4336	-0.5835	0	11	+00.2703	-00.2737	+2.8758	0	12	-00.2028	+00.2737	-2.7155	0	13	+00.2107	-00.2624	+2.9801	0	14	-00.0787	-00.2098	-0.5934	0	15	-00.0730	-00.3605	-0.4718	0	16	+00.1874	-00.3565	+2.4509	0	17	-00.1789	-00.3237	-2.4458	0	18	+00.0867	+00.2135	-2.4931	0	19	+00.3544	+00.0810	+2.7522	0	20	-00.1692	+00.1279	+2.4808	0	21	+00.3098	-00.2825	+2.4275	0	22	+00.3497	-00.0692	+2.2635	0	23	+00.3145	-00.0320	-0.9306	0
0192	00	-00.2250	+00.3845	-1.0239	0	01	+00.1367	+00.1270	-2.8011	0	02	-00.1199	+00.4439	+2.6733	0	03	-00.1393	+00.4098	-1.7547	0	04	+00.2176	+00.0491	+1.9029	0	05	-00.1777	-00.2667	+2.5895	0	06	+00.3741	-00.2873	+0.0659	0	07	+00.3821	-00.2477	-0.7712	0	08	+00.1514	+00.2667	+0.6549	0	09	-00.1872	+00.2177	-2.9849	0	10	-00.1777	+00.4208	-0.7327	0	11	+00.2510	-00.2685	+2.8758	0	12	-00.2210	+00.2655	-2.7155	0	13	+00.1910	-00.2592	+2.9801	0	14	-00.0621	-00.2209	-0.5934	0	15	-00.0552	-00.3696	-0.4718	0	16	+00.1720	-00.3438	+2.4509	0	17	-00.1943	-00.3365	-2.4458	0	18	+00.0707	+00.2014	-2.4931	0	19	+00.3356	+00.0877	+2.8308	0	20	-00.1845	+00.1406	+2.4022	0	21	+00.2947	-00.2694	+2.4275	0	22	+00.3488	-00.0702	+2.2635	0	23	+00.3139	-00.0330	-1.0092	0
0194	00	-00.2146	+00.3675	-1.0239	0	01	+00.1187	+00.1186	-2.6440	0	02	-00.1373	+00.4406	-2.1255	0	03	-00.1394	+00.3888	-1.9117	0	04	+00.2110	+00.0680	+1.9029	0	05	-00.1947	-00.2562	+2.5895	0	06	+00.3863	-00.2850	+1.6367	0	07	+00.3897	-00.2375	-0.8498	0	08	+00.1560	+00.2846	+1.6838	0	09	-00.2069	+00.2146	-2.9849	0	10	-00.1718	+00.4103	-0.6699	0	11	+00.2315	-00.2640	+3.0329	0	12	-00.2395	+00.2581	-2.7940	0	13	+00.1713	-00.2560	+2.9801	0	14	-00.0456	-00.2321	-0.5934	0	15	-00.0375	-00.3788	-0.6211	0	16	+00.1566	-00.3311	+2.4509	0	17	-00.2096	-00.3493	-2.4458	0	18	+00.0548	+00.1893	-2.4931	0	19	+00.3170	+00.0950	+2.7522	0	20	-00.1993	+00.1541	+2.4022	0	21	+00.2789	-00.2571	+2.5060	0	22	+00.3476	-00.0713	+2.2635	0	23	+00.3129	-00.0343	-1.0877	0
